Size,Binder Composition,Feed Mix (g Bioglass : g PEG6000),Final Volume (cm^3),Final Mass (g),Volume Loss (cm^3),Volume Loss (%),Mass Loss (g),Mass Loss (%),Porosity (%)
Evans 6mm,PVA,100:20,2.02,2.861,-0.2999999999999998,-12.931034482758614,-0.7489999999999997,-20.74792243767312,47.49
Evans 6mm,PVA,100:20,2.03,2.901,-0.3200000000000003,-13.617021276595755,-0.7690000000000001,-20.953678474114447,47.05
Evans 6mm,PVA,100:20,2.03,2.877,-0.33,-13.983050847457632,-0.7530000000000001,-20.743801652892564,47.38
Evans 6mm,PVA,100:20,2.03,2.868,-0.3400000000000003,-14.345991561181446,-0.7520000000000002,-20.77348066298343,47.61
Evans 6mm,PVA,100:20,2.03,2.864,-0.3200000000000003,-13.617021276595755,-0.7560000000000002,-20.88397790055249,47.84
Evans 6mm,PVA,100:20,2.03,2.921,-0.3400000000000003,-14.345991561181446,-0.7590000000000003,-20.625000000000007,46.71
Evans 6mm,PVA,100:20,2.03,2.889,-0.3900000000000001,-16.115702479338847,-0.7610000000000001,-20.849315068493155,47.26
Evans 6mm,PVA,100:20,2.05,2.922,-0.3000000000000002,-12.76595744680852,-0.7679999999999998,-20.813008130081297,47.16
Evans 6mm,PVA,100:20,2.04,2.897,-0.3199999999999998,-13.5593220338983,-0.7630000000000003,-20.846994535519137,47.53
Evans 6mm,PVA,100:20,2.05,2.908,-0.33,-13.8655462184874,-0.7720000000000002,-20.978260869565226,47.56
13mmx13mm plate,PVA,100:20,1.51,2.174,-0.1999999999999999,-11.695906432748536,-0.5870000000000002,-21.260412893879035,46.72
13mmx13mm plate,PVA,100:20,1.55,2.198,-0.2099999999999999,-11.93181818181818,-0.5800000000000001,-20.87832973362131,47.5
13mmx13mm plate,PVA,100:20,1.64,2.251,-0.08,-4.651162790697678,-0.5900000000000003,-20.76733544526576,49.12
13mmx13mm plate,PVA,100:20,1.33,2.128,-0.2299999999999999,-14.74358974358974,-0.5669999999999997,-21.03896103896103,40.9
13mmx13mm plate,PVA,100:20,1.55,2.234,-0.1799999999999999,-10.404624277456644,-0.6070000000000002,-21.3657162970785,46.76
13mmx13mm plate,PVA,100:20,1.42,2.193,-0.24,-14.457831325301203,-0.5899999999999999,-21.200143729787992,42.8
13mmx13mm plate,PVA,100:20,1.34,2.135,-0.2099999999999999,-7.734806629834254,-0.5800000000000001,-21.362799263351754,41.08
13mmx13mm plate,PVA,100:20,1.35,2.145,-0.1299999999999999,-4.7811695476278,-0.5739999999999998,-21.110702464141223,41.05
13mmx13mm plate,PVA,100:20,1.4,2.198,-0.1900000000000001,-6.805157593123215,-0.5939999999999999,-21.27507163323782,41.78
13mmx13mm plate,PVA,100:20,1.42,2.252,-0.01,-0.3502626970227673,-0.6030000000000002,-21.120840630472863,41.42
13mmx13mm plate,PVA,100:20,1.49,2.27,-0.1200000000000001,-4.184100418410046,-0.5979999999999999,-20.850767085076704,43.45
13mmx13mm plate,PVA,100:20,1.45,2.26,-0.1600000000000001,-5.586592178770955,-0.6040000000000001,-21.08938547486034,42.39
13mmx13mm plate,PVA,100:20,1.3,2.098,-0.1299999999999999,-4.905660377358487,-0.552,-20.830188679245285,40.09
13mmx13mm plate,PVA,100:20,1.38,2.165,-0.1400000000000001,-5.0946142649199455,-0.5830000000000002,-21.215429403202336,41.83
13mmx13mm plate,PVA,100:20,1.42,2.141,-0.09,-3.3308660251665465,-0.5609999999999999,-20.762398223538117,44.13
13mmx13mm plate,PVA,100:20,1.4,2.179,-0.1300000000000001,-4.722121322193974,-0.5740000000000003,-20.849981837994925,42.2
13mmx13mm plate,PVA,100:20,1.39,2.172,-0.09,-3.2703488372093052,-0.5799999999999996,-21.075581395348824,41.98
13mmx13mm plate,PVA,100:20,1.43,2.216,-0.06,-2.1359914560341777,-0.593,-21.11071555713777,42.68
13mmx13mm plate,PVA,100:20,1.3,2.039,-0.06,-4.411764705882357,-0.5509999999999997,-21.274131274131264,41.74
13mmx13mm plate,PVA,100:20,1.35,2.14,-0.0399999999999998,-2.8776978417266053,-0.573,-21.12053077773682,41.49
13mmx13mm plate,PVA,100:20,1.31,2.142,-0.1999999999999999,-13.24503311258278,-0.565,-20.871813816032507,39.64
13mmx13mm plate,PVA,100:20,1.35,2.188,-0.1999999999999999,-12.90322580645161,-0.585,-21.09628561125135,40.07
13mmx13mm plate,PVA,100:20,1.36,2.215,-0.1999999999999999,-12.820512820512816,-0.5840000000000001,-20.864594498035014,39.87
13mmx13mm plate,PVA,100:20,1.28,2.112,-0.1499999999999999,-10.489510489510485,-0.556,-20.839580209895058,38.89
19mmx19mm plate,PVA,100:20,3.53,4.722,-0.3666152400000007,-9.408556334651111,-1.279,-21.313114480919847,50.5
19mmx19mm plate,PVA,100:20,3.39,4.62,-0.3460206399999999,-9.261743264887311,-1.2400000000000002,-21.160409556313994,46.38
19mmx19mm plate,PVA,100:20,3.51,4.783,-0.3763313370000003,-9.683459910304611,-1.3039999999999994,-21.42270412354197,49.62
19mmx19mm plate,PVA,100:20,3.55,4.812,-0.3064232250000001,-7.945788289354576,-1.3049999999999995,-21.333987248651297,49.92
19mmx19mm plate,PVA,100:20,3.46,4.736,-0.3425906030000001,-9.009400137099115,-1.2759999999999998,-21.22421823020625,49.41
19mmx19mm plate,PVA,100:20,3.33,4.783,-0.3013836800000002,-8.299417152196934,-1.2559999999999991,-20.798145388309315,46.81
19mmx19mm plate,PVA,100:20,3.32,4.767,-0.3776927900000002,-10.21428256618366,-1.266,-20.984584783689705,46.97
19mmx19mm plate,PVA,100:20,3.22,4.742,-0.2908690399999996,-8.28481600099785,-1.261,-21.006163584874233,45.59
19mmx19mm plate,PVA,100:20,3.33,4.711,-0.2397704159999993,-6.716690096520746,-1.258,-21.07555704473111,47.61
19mmx19mm plate,PVA,100:20,2.97,4.735,-0.1740839219999994,-5.536872625501103,-1.2249999999999996,-20.55369127516778,41.08
19mmx19mm plate,PVA,100:20,3.01,4.779,-0.3388746239999998,-10.11905974536716,-1.2759999999999998,-21.07349298100743,41.22
19mmx19mm plate,PVA,100:20,2.89,4.707,-0.2719784319999996,-8.601527108708616,-1.2380000000000004,-20.824222035323807,39.83
Evans 12mm,PVA,100:0,3.83,5.572,-0.2199999999999997,-5.432098765432094,-0.484,-7.992073976221928,46.12
Evans 12mm,PVA,100:10,3.65,4.607,-0.4300000000000001,-7.72964227934568,-0.9559999999999996,-17.18497213733596,53.3
Evans 12mm,PVA,100:10,3.78,4.605,-0.2799999999999998,-5.044136191677172,-0.9459999999999996,-17.041974419023596,54.82
Evans 12mm,PVA,100:10,3.76,4.58,-0.3100000000000005,-5.579553635709153,-0.976,-17.566594672426206,54.89
Evans 12mm,PVA,100:10,3.8,4.961,-0.2300000000000004,-3.889734483341796,-0.952,-16.100118383223403,51.71
Evans 12mm,PVA,100:10,3.82,4.919,-0.2399999999999997,-4.07747196738022,-0.9670000000000004,-16.428814135236163,52.29
Evans 12mm,PVA,100:10,3.82,4.935,-0.2500000000000004,-4.175714047102062,-1.0520000000000005,-17.571404710205453,52.19
Evans 12mm,PVA,100:10,3.77,4.876,-0.2499999999999995,-4.450774434751638,-0.7409999999999997,-13.192095424603876,52.14
Evans 12mm,PVA,100:10,3.77,4.933,-0.2600000000000002,-4.587155963302756,-0.7350000000000003,-12.967537050105864,51.59
Evans 12mm,PVA,100:10,3.76,4.967,-0.2999999999999998,-5.2640814177925925,-0.7320000000000002,-12.844358659413938,51.1
Evans 12mm,PVA,100:10,3.81,4.932,-0.2299999999999999,-4.062886415827592,-0.7289999999999992,-12.877583465818743,52.16
Evans 12mm,PVA,100:10,3.78,4.939,-0.2900000000000005,-5.109231853417908,-0.7370000000000001,-12.984496124031008,51.63
Evans 12mm,PVA,100:10,3.77,4.94,-0.3000000000000002,-5.29661016949153,-0.7239999999999993,-12.782485875706204,51.43
Evans 12mm,PVA,100:20,3.78,4.961,-0.27,-4.447372755723935,-1.1099999999999994,-18.283643551309495,51.35
Evans 12mm,PVA,100:20,3.82,4.909,-0.1700000000000003,-2.8380634390651145,-1.0810000000000004,-18.04674457429049,52.43
Evans 12mm,PVA,100:20,3.73,4.458,-0.27,-4.951402897487622,-0.995,-18.246836603704384,55.73
Evans 12mm,PVA,100:20,3.66,4.701,-0.5999999999999996,-14.084507042253511,-1.285,-21.46675576344805,52.48
Evans 12mm,PVA,100:20,3.52,4.657,-0.6599999999999997,-15.78947368421052,-1.2409999999999997,-21.041030857917935,51.05
Evans 12mm,PVA,100:20,3.47,4.627,-0.6999999999999997,-16.786570743405267,-1.2599999999999998,-21.40309155766944,50.62
Evans 12mm,PVA,100:20,3.54,4.577,-0.6699999999999999,-15.914489311163893,-1.3120000000000005,-22.27882492783155,52.13
Evans 12mm,PVA,100:20,3.52,4.611,-0.7200000000000002,-16.981132075471702,-1.237,-21.152530779753764,51.47
Evans 12mm,PVA,100:20,3.49,4.688,-0.7299999999999995,-17.298578199052123,-1.2780000000000005,-21.42138786456588,50.27
Evans 12mm,PVA,100:30,3.5,4.192,-0.6200000000000001,-10.528103243335032,-1.697,-28.816437425708948,55.68
Evans 12mm,PVA,100:30,3.45,4.22,-0.6600000000000001,-11.148648648648653,-1.7000000000000002,-28.716216216216218,54.7
Evans 12mm,PVA,100:30,3.47,4.199,-0.69,-11.69095221958658,-1.7030000000000003,-28.854625550660796,55.12
Evans 12mm,PVA,100:40,3.5,3.806,-0.5599999999999996,-9.58575830195138,-2.0359999999999996,-34.85107839780896,59.76
Evans 12mm,PVA,100:40,3.55,3.865,-0.5200000000000005,-8.837525492862005,-2.019,-34.313392250169954,59.67
Evans 12mm,PVA,100:40,3.47,3.879,-0.5899999999999994,-9.951087873165784,-2.0500000000000003,-34.57581379659302,58.58
Evans 12mm,PVA,100:20,3.63,4.6,-0.6200000000000001,-10.465901417960838,-1.3240000000000007,-22.3497636731938,53.13
Evans 12mm,PVA,100:20,3.5,4.59,-0.6200000000000001,-10.444743935309974,-1.346,-22.675202156334233,51.44
Evans 12mm,PVA,100:20,3.48,4.579,-0.6300000000000003,-10.609632873021226,-1.359,-22.886493768945773,51.27
Evans 12mm,PVA,100:20,3.49,4.598,-0.5899999999999999,-9.87778335844634,-1.375,-23.02025782688766,51.21
Evans 12mm,PVA,100:20,3.54,4.572,-0.5499999999999998,-9.229736532975329,-1.3869999999999996,-23.275717402248695,52.22
Evans 12mm,PVA,100:20,3.52,4.612,-0.5799999999999996,-9.74789915966386,-1.338,-22.487394957983195,51.5
Evans 12mm,PVA,100:30,3.5,4.308,-0.5700000000000003,-9.534961525593848,-1.67,-27.93576446972231,54.42
Evans 12mm,PVA,100:30,3.58,4.323,-0.4799999999999995,-8.053691275167777,-1.6369999999999996,-27.466442953020128,55.25
Evans 12mm,PVA,100:30,3.58,4.278,-0.4699999999999997,-7.841174507841171,-1.7160000000000002,-28.628628628628633,55.74
Evans 12mm,PVA,100:30,3.54,4.315,-0.54,-9.02557245528999,-1.6679999999999993,-27.878990473006844,54.88
Evans 12mm,PVA,100:30,3.45,3.702,-0.6399999999999997,-10.698762955533262,-2.28,-38.114343029087266,60.31
Evans 12mm,PVA,100:30,3.47,4.226,-0.6000000000000001,-10.058675607711653,-1.739,-29.1533948030176,54.94
Evans 12mm,PVA,100:40,3.52,4.239,-0.52,-8.688387635756056,-1.7460000000000004,-29.172932330827074,55.39
Evans 12mm,PVA,100:40,3.5,3.848,-0.54,-9.027081243731194,-2.1340000000000003,-35.67368772985624,59.28
Evans 12mm,PVA,100:40,3.48,3.803,-0.5799999999999996,-9.660226515656223,-2.2009999999999996,-36.65889407061959,59.47
Evans 12mm,PVA,100:40,3.52,3.083,-0.5500000000000003,-9.148369926813045,-2.9289999999999994,-48.71922821024617,59.99
Evans 12mm,PVA,100:40,3.46,3.8,-0.6200000000000001,-10.413167618407796,-2.154,-36.17735975814578,59.34
Evans 12mm,PVA,100:40,3.52,3.769,-0.5500000000000003,-9.160559626915395,-2.234999999999999,-37.22518321119253,60.34
Evans 12mm,PVA,100:0,3.53,5.403,-0.4700000000000002,-11.750000000000004,-0.4780000000000006,-8.127869409964303,43.27
Evans 12mm,PVA,100:0,3.63,5.395,-0.3700000000000001,-9.250000000000004,-0.492,-8.357397655851878,44.9
Evans 12mm,PVA,100:0,3.55,5.389,-0.4500000000000002,-11.250000000000004,-0.4909999999999996,-8.350340136054415,43.85
Evans 12mm,PVA,100:0,3.5,5.437,-0.5,-12.5,-0.4729999999999998,-8.00338409475465,42.47
Evans 12mm,PVA,100:0,3.49,5.368,-0.5099999999999998,-12.749999999999996,-0.4779999999999997,-8.176530961341083,43.08
Evans 12mm,PVA,100:0,3.45,5.418,-0.5499999999999998,-13.749999999999996,-0.455,-7.747318235995233,41.9
Evans 12mm,PVA,100:0,3.51,5.414,-0.4900000000000002,-8.310719131614658,-0.4820000000000002,-8.175033921302582,42.84
Evans 12mm,PVA,100:0,3.48,5.376,-0.52,-8.861622358554873,-0.492,-8.384458077709612,42.8
Evans 12mm,PVA,100:0,3.47,5.437,-0.5299999999999998,-8.96178559350693,-0.4769999999999994,-8.06560703415623,41.94
Evans 12mm,PVA,100:0,3.39,5.498,-0.6099999999999999,-10.255548083389373,-0.4500000000000002,-7.565568258238066,40.01
Evans 12mm,PVA,100:0,3.37,5.472,-0.6299999999999999,-10.63291139240506,-0.4529999999999994,-7.645569620253155,39.85
Evans 12mm,PVA,100:0,3.4,5.539,-0.6000000000000001,-10.00333444481494,-0.4590000000000005,-7.652550850283436,39.59
Evans 12mm,PVA,100:40,3.55,3.902,-0.4100000000000001,-6.840173506840176,-2.0919999999999996,-34.90156823490157,59.3
Evans 12mm,PVA,100:40,3.34,3.764,-0.6200000000000001,-10.414916848647742,-2.1890000000000005,-36.77137577691921,58.29
Evans 12mm,PVA,100:40,3.4,3.893,-0.56,-9.362982778799534,-2.088,-34.910550075238255,57.55
Evans 12mm,PVA,100:40,3.53,3.933,-0.4300000000000001,-7.107438016528929,-2.117,-34.99173553719008,58.76
Evans 12mm,PVA,100:0,3.66,5.296,-0.3499999999999996,-5.785123966942144,-0.7539999999999996,-12.462809917355363,46.35
Evans 12mm,PVA,100:0,3.5,5.334,-0.5099999999999998,-8.889663587240715,-0.4030000000000004,-7.024577305211792,43.6
Evans 12mm,PVA,100:0,3.5,5.399,-0.5099999999999998,-8.838821490467936,-0.3709999999999995,-6.429809358752159,42.9
Evans 12mm,PVA,100:5,3.47,5.378,-0.5399999999999996,-9.204022498721656,-0.4889999999999999,-8.334753707175727,42.63
Evans 12mm,PVA,100:5,3.47,5.344,-0.5399999999999996,-9.276756571035898,-0.4769999999999994,-8.19446830441504,42.95
Evans 12mm,PVA,100:5,3.49,5.407,-0.5199999999999996,-8.994983566856938,-0.3739999999999996,-6.469468950008643,42.57
Evans 12mm,PVA,100:5,3.53,5.436,-0.48,-8.19112627986348,-0.4240000000000004,-7.2354948805460815,42.94
Evans 12mm,PVA,100:5,3.53,5.381,-0.48,-8.153558688635979,-0.5059999999999993,-8.595209784270416,43.58
Evans 12mm,PVA,100:20,3.66,4.701,-0.5999999999999996,-14.084507042253511,-1.285,-21.46675576344805,52.48
Evans 12mm,PVA,100:20,3.52,4.657,-0.6599999999999997,-15.78947368421052,-1.2409999999999997,-21.041030857917935,51.05
Evans 12mm,PVA,100:20,3.47,4.627,-0.6999999999999997,-16.786570743405267,-1.2599999999999998,-21.40309155766944,50.62
Evans 12mm,PVA,100:20,3.54,4.577,-0.6699999999999999,-15.914489311163893,-1.3120000000000005,-22.27882492783155,52.13
Evans 12mm,PVA,100:20,3.52,4.611,-0.7200000000000002,-16.981132075471702,-1.237,-21.152530779753764,51.47
Evans 12mm,PVA,100:20,3.49,4.688,-0.7299999999999995,-17.298578199052123,-1.2780000000000005,-21.42138786456588,50.27
Evans 12mm,PVA,100:30,3.5,4.192,-0.6200000000000001,-10.528103243335032,-1.697,-28.816437425708948,55.68
Evans 12mm,PVA,100:30,3.45,4.22,-0.6600000000000001,-11.148648648648653,-1.7000000000000002,-28.716216216216218,54.7
Evans 12mm,PVA,100:30,3.47,4.199,-0.69,-11.69095221958658,-1.7030000000000003,-28.854625550660796,55.12
Evans 12mm,PVA,100:40,3.5,3.806,-0.5599999999999996,-9.58575830195138,-2.0359999999999996,-34.85107839780896,59.76
Evans 12mm,PVA,100:40,3.55,3.865,-0.5200000000000005,-8.837525492862005,-2.019,-34.313392250169954,59.67
Evans 12mm,PVA,100:40,3.47,3.879,-0.5899999999999994,-9.951087873165784,-2.0500000000000003,-34.57581379659302,58.58
Evans 12mm,PVA,100:20,3.63,4.6,-0.6200000000000001,-10.465901417960838,-1.3240000000000007,-22.3497636731938,53.13
Evans 12mm,PVA,100:20,3.5,4.59,-0.6200000000000001,-10.444743935309974,-1.346,-22.675202156334233,51.44
Evans 12mm,PVA,100:20,3.48,4.579,-0.6300000000000003,-10.609632873021226,-1.359,-22.886493768945773,51.27
Evans 12mm,PVA,100:20,3.49,4.598,-0.5899999999999999,-9.87778335844634,-1.375,-23.02025782688766,51.21
Evans 12mm,PVA,100:20,3.54,4.572,-0.5499999999999998,-9.229736532975329,-1.3869999999999996,-23.275717402248695,52.22
Evans 12mm,PVA,100:20,3.52,4.612,-0.5799999999999996,-9.74789915966386,-1.338,-22.487394957983195,51.5
Evans 12mm,PVA,100:30,3.5,4.308,-0.5700000000000003,-9.534961525593848,-1.67,-27.93576446972231,54.42
Evans 12mm,PVA,100:30,3.58,4.323,-0.4799999999999995,-8.053691275167777,-1.6369999999999996,-27.466442953020128,55.25
Evans 12mm,PVA,100:30,3.58,4.278,-0.4699999999999997,-7.841174507841171,-1.7160000000000002,-28.628628628628633,55.74
Evans 12mm,PVA,100:30,3.54,4.315,-0.54,-9.02557245528999,-1.6679999999999993,-27.878990473006844,54.88
Evans 12mm,PVA,100:30,3.45,3.702,-0.6399999999999997,-10.698762955533262,-2.28,-38.114343029087266,60.31
Evans 12mm,PVA,100:30,3.47,4.226,-0.6000000000000001,-10.058675607711653,-1.739,-29.1533948030176,54.94
Evans 12mm,PVA,100:40,3.52,4.239,-0.52,-8.688387635756056,-1.7460000000000004,-29.172932330827074,55.39
Evans 12mm,PVA,100:40,3.5,3.848,-0.54,-9.027081243731194,-2.1340000000000003,-35.67368772985624,59.28
Evans 12mm,PVA,100:40,3.48,3.803,-0.5799999999999996,-9.660226515656223,-2.2009999999999996,-36.65889407061959,59.47
Evans 12mm,PVA,100:40,3.52,3.083,-0.5500000000000003,-9.148369926813045,-2.9289999999999994,-48.71922821024617,59.99
Evans 12mm,PVA,100:40,3.46,3.8,-0.6200000000000001,-10.413167618407796,-2.154,-36.17735975814578,59.34
Evans 12mm,PVA,100:40,3.52,3.769,-0.5500000000000003,-9.160559626915395,-2.234999999999999,-37.22518321119253,60.34
Evans 12mm,PVA,100:20,3.5625264479999994,5.008,-0.4189958569999996,-10.52350897227988,-1.3090000000000002,-20.721861643185058,47.935409269561866
Evans 12mm,PVA,100:20,3.3943711199999997,4.993,-0.4680163025000001,-12.117280099184564,-1.3229999999999995,-20.946801773274217,45.51982697580636
Evans 12mm,PVA,100:20,3.4108956180000005,4.968,-0.4169599544999998,-10.892781783500787,-1.3390000000000004,-21.23037894403045,46.05522402122364
Evans 12mm,PVA,100:20,3.57857192,4.985,-0.2751825399999998,-7.140635005583616,-1.319,-20.923223350253807,48.40689700889688
Evans 12mm,PVA,100:20,3.679514496,5.022,-0.4453149864999997,-10.795961103102393,-1.327,-20.90092928020161,49.44985263621041
Evans 12mm,PVA,100:20,3.5610807374999993,4.998,-0.5136775625000007,-12.606332073733078,-1.3049999999999995,-20.704426463588764,48.0182773836615
Evans 12mm,PVA,100:20,3.61209972,5.01,-0.4229469524999998,-10.481835448955389,-1.3180000000000005,-20.82806573957017,48.62944826020597
Evans 12mm,PVA,100:20,3.84939317,5.229,-0.35658616,-8.478076852555526,-1.3529999999999998,-20.55606198723792,49.68903977489349
Evans 12mm,PVA,100:20,3.5294651084999997,5.038,-0.4382444565000001,-11.045275600962494,-1.2889999999999997,-20.373004583530896,47.13289780277974
Evans 12mm,PVA,100:20,3.5533601460000006,4.986,-0.4005366789999987,-10.130175285997725,-1.2800000000000002,-20.427705075007985,48.03041091273988
Evans 12mm,PVA,100:30,3.8079219749999993,4.303,-0.4498551300000004,-10.565492718529718,-2.0229999999999997,-31.979133733797028,58.14767964872222
Evans 12mm,PVA,100:30,3.737992563,4.358,-0.3868369195000003,-9.378252389370145,-2.006,-31.5210559396606,56.81976229565671
Evans 12mm,PVA,100:30,3.770632593,4.343,-0.4249871819999993,-10.129306390734596,-2.016,-31.703097971379147,57.34088435174892
Evans 12mm,PVA,100:30,3.771412125,4.388,-0.4915447574999989,-11.53060589277492,-2.005,-31.362427655247927,56.90778065828101
Evans 12mm,PVA,100:30,3.741715545,4.387,-0.4400914899999995,-10.523954986842178,-2.027,-31.60274399750546,56.57567243490674
Evans 12mm,PVA,100:30,3.8245486630000007,4.431,-0.4211422944999983,-9.919287548615657,-2.03,-31.4192849404117,57.09007112426665
Evans 12mm,PVA,100:30,3.729577764,4.361,-0.4505026784999995,-10.777368634335788,-1.9700000000000009,-31.116727215289853,56.69254571453454
Evans 12mm,PVA,100:30,3.814545672,4.335,-0.3966134354999995,-9.418153657353816,-1.9539999999999995,-31.07012243599936,57.909651800977166
Evans 12mm,PVA,100:40,3.8463912785,3.951,-0.402752864,-9.478446729346274,-2.379,-37.58293838862559,61.95568190077639
Evans 12mm,PVA,100:40,3.838807791,4.027,-0.3671715389999996,-8.729751389434423,-2.3440000000000003,-36.79171244702559,61.14727377134571
Evans 12mm,PVA,100:40,3.866511024,4.042,-0.3204757884999991,-7.654091184219587,-2.378,-37.0404984423676,61.281966409905245
Evans 12mm,PVA,100:40,3.970880489999999,3.993,-0.3507805375000008,-8.116798963821575,-2.3560000000000003,-37.10820601669555,62.75665075760342
Evans 12mm,PVA,100:40,3.7865873985,3.975,-0.3814068964999997,-9.15084977341601,-2.3720000000000003,-37.371986765400976,61.12007812614016
Evans 12mm,PVA,100:40,3.84351669,4.019,-0.3762753800000005,-8.91691755797817,-2.396,-37.349961028838656,61.27196423027582
Evans 12mm,PVA,100:40,3.87518601,3.961,-0.4171229449999996,-9.717915214702892,-2.3300000000000005,-37.03703703703704,62.142796932810015
Evans 12mm,PVA,100:40,3.840737186,3.987,-0.3894144389999994,-9.205685127184998,-2.3200000000000003,-36.78452513080705,61.55251986391275
Evans 12mm,PVA,100:40,3.738449823,3.98,-0.4312710644999993,-10.342924050213163,-2.3249999999999997,-36.87549563838223,60.56991149098342
Evans 12mm,PVA Glycerol,100:20,3.748005648,4.938,-0.4894218300000004,-11.549975369277584,-1.476,-23.012160898035543,51.20367841855268
Evans 12mm,PVA Glycerol,100:20,3.775104648,4.954,-0.4243034970000003,-10.103888032536078,-1.4940000000000009,-23.169975186104228,51.39698138469154
Evans 12mm,PVA Glycerol,100:20,3.766980896999999,4.992,-0.4410680055000018,-10.481532313894055,-1.5010000000000003,-23.11720314184507,50.918548847398384
Evans 12mm,PVA Glycerol,100:20,3.891429324,5.012,-0.4116679109999999,-9.56678151847526,-1.5060000000000002,-23.105247008284753,52.29782833655041
Evans 12mm,PVA Glycerol,100:20,3.7821601349999994,4.894,-0.4345295250000007,-10.304991830961558,-1.5099999999999998,-23.579013116801995,52.07520232105156
Evans 12mm,PVA Glycerol,100:20,3.8665506425,4.935,-0.453828107500001,-10.504359311090514,-1.5140000000000002,-23.476507985734223,52.728466616022665
Evans 12mm,PVA Glycerol,100:20,3.829169808,4.927,-0.4531896090000002,-10.582708382695293,-1.5050000000000008,-23.398631840796032,52.34437472576003
Evans 12mm,PVA Glycerol,100:20,3.820852728,4.922,-0.4355844165000002,-10.23354513910408,-1.5040000000000004,-23.40491752256459,52.28910683722739
Evans 12mm,PVA Glycerol,100:20,3.835362056,4.85,-0.4383566034999999,-10.257029964421784,-1.4450000000000005,-22.95472597299445,53.16488326085958
Evans 12mm,PVA Glycerol,100:30,3.852494233,4.557,-0.4108555175000008,-9.636917952880037,-1.8389999999999995,-28.75234521575985,56.18999859051112
Evans 12mm,PVA Glycerol,100:30,3.8746199625,4.592,-0.4492150905000005,-10.389274451816153,-1.857,-28.795162040626455,56.10561146122366
Evans 12mm,PVA Glycerol,100:30,3.86439162,4.575,-0.4508026754999998,-10.446868544716722,-1.891,-29.245283018867923,56.15236210339249
Evans 12mm,PVA Glycerol,100:30,3.785930280000001,4.526,-0.5603707424999991,-12.89304950575358,-1.875,-29.29229807842525,55.723001420504346
Evans 12mm,PVA Glycerol,100:30,3.85582923,4.502,-0.5405881859999999,-12.296106917250912,-1.9350000000000005,-30.06058723007613,56.75619152336249
Evans 12mm,PVA Glycerol,100:30,3.9142212,4.519,-0.4977495795000011,-11.281796829044502,-1.968,-30.337598273470014,57.24044150331351
Evans 12mm,PVA Glycerol,100:40,3.95531532,4.31,-0.3875293995,-8.923399857239588,-2.0780000000000003,-32.529743268628685,59.64174365000321
Evans 12mm,PVA Glycerol,100:40,4.020734098,4.298,-0.4672753474999993,-10.411639128088805,-2.221,-34.06964258321828,60.40892501089109
Evans 12mm,PVA Glycerol,100:40,4.068543600000001,4.206,-0.4730385419999994,-10.415721376596856,-2.3039999999999994,-35.39170506912442,61.71166070881537
Evans 12mm,PVA Glycerol,100:40,3.998362368,4.186,-0.5138411985000007,-11.387810654530686,-2.245,-34.909034364795524,61.22486589063529
Evans 12mm,PVA Glycerol,100:40,3.855034696,4.261,-0.624333992,-13.937990718927844,-2.2299999999999995,-34.355261130796485,59.06267329355968
Evans 12mm,PVA Glycerol,100:40,4.015702500000001,4.234,-0.3824430674999988,-8.695552742184194,-2.186,-34.04984423676012,60.94959354812395
Evans 12mm,PVA PEG200,100:20,3.41639529,4.84,-0.5779341260000002,-14.468864878419437,-1.5419999999999998,-24.161704794735194,47.529707764215054
Evans 12mm,PVA PEG200,100:20,3.453702945,4.881,-0.5643618749999995,-14.045614002812416,-1.5409999999999997,-23.995639987542813,47.65682496246712
Evans 12mm,PVA PEG200,100:20,3.416105518,4.868,-0.5307530899999997,-13.447481724432722,-1.5869999999999995,-24.585592563903948,47.22168406500133
Evans 12mm,PVA PEG200,100:20,3.4276525920000003,4.905,-0.566676824,-14.187032790287018,-1.606,-24.665949930886192,46.99968512250361
Evans 12mm,PVA PEG200,100:20,3.416495071,4.868,-0.5778343450000003,-14.466366812045637,-1.5829999999999993,-24.53883118896294,47.227701913960615
Evans 12mm,PVA PEG200,100:20,3.4123729710000004,4.864,-0.5514394969999996,-13.911846270523402,-1.5590000000000002,-24.272146971820025,47.20736869060492
Evans 12mm,PVA PEG200,100:20,3.3604071749999993,4.903,-0.5796698890000003,-14.71214597035101,-1.6230000000000002,-24.869751762182048,45.96113413173134
Evans 12mm,PVA PEG200,100:20,3.41759421,4.851,-0.5818213640000001,-14.547659607628464,-1.657,-25.460971112476955,47.42890594180089
Evans 12mm,PVA PEG200,100:20,3.4192791,4.868,-0.5377518239999994,-13.58978067971246,-1.6429999999999998,-25.234219013976343,47.27066992095021
Evans 12mm,PVA PEG200,100:20,3.3998983199999997,4.908,-0.5774772360000004,-14.519052271261064,-1.6479999999999997,-25.137278828553995,46.534348774942835
Evans 12mm,PVA PEG200,100:20,3.324405546,4.83,-0.578373026,-14.819519358578663,-1.6269999999999998,-25.197460120799132,46.18920994638213
Evans 12mm,PVA PEG200,100:20,3.2727584175,4.748,-0.5384693105,-14.128500024913755,-1.5489999999999997,-24.599015404160703,46.26800105026333
Evans 12mm,PVA PEG200,100:20,3.338469350999999,4.968,-0.5099361690000013,-13.250583036270076,-1.5469999999999997,-23.74520337682271,44.88492160490107
Evans 12mm,PVA PEG200,100:20,3.2833058789999994,4.945,-0.517609401000001,-13.6180199470271,-1.5669999999999993,-24.063267813267807,44.218371696782086
Evans 12mm,PVA PEG200,100:20,3.2691555150000005,4.926,-0.5385440849999998,-14.143554943252346,-1.5729999999999995,-24.20372364979227,44.19217941534837
Evans 12mm,PVA PEG200,100:20,3.2486668,4.891,-0.5098464800000002,-13.56511051093054,-1.5590000000000002,-24.17054263565892,44.23923433817586
Evans 12mm,PVA PEG200,100:20,3.2317398749999997,4.88,-0.4945478850000002,-13.27186510684296,-1.596,-24.64484249536751,44.07323988576255
Evans 12mm,PVA PEG200,100:20,3.25946385,4.922,-0.4956572700000001,-13.19950153831523,-1.5040000000000004,-23.40491752256459,44.07169255879421
Evans 12mm,PVA PEG200,100:20,3.26523811,4.98,-0.5002126699999998,-13.28427057543426,-1.497,-23.112552107457155,43.512712325765285
Evans 12mm,PVA PEG200,100:20,3.24640536,4.937,-0.4953313800000001,-13.238007225489628,-1.535,-23.717552533992585,43.67559451914783
Evans 12mm,PVA PEG200,100:20,3.275918136,4.966,-0.4883469419999997,-12.973234665489192,-1.537,-23.63524527141319,43.85515196344152
Evans 12mm,PVA PEG200,100:20,3.2250304899999995,4.886,-0.4896044900000005,-13.180419950710755,-1.513,-23.64431942491014,43.88798384260764
Evans 12mm,PVA PEG200,100:20,3.283696368,4.98,-0.5054684520000006,-13.339838091286843,-1.5269999999999992,-23.46703550023051,43.83023770349876
Evans 12mm,PVA PEG200,100:20,3.277292844,4.974,-0.4932395160000005,-13.081429063772854,-1.5,-23.169601482854493,43.78829387813406
Evans 12mm,PVA PEG200,100:20,3.6434321625,5.081,-0.4124054694999999,-10.168194758246177,-1.3619999999999992,-21.139220859847885,48.34947467333689
Evans 12mm,PVA PEG200,100:20,3.597783125,5.031,-0.3951864750000005,-9.897056942281765,-1.3210000000000006,-20.79659949622167,48.20884782116117
Evans 12mm,PVA PEG200,100:20,3.62473875,5.055,-0.4056118419999994,-10.063934457838837,-1.3490000000000002,-21.064959400374768,48.348767970595894
Evans 12mm,PVA PEG200,100:20,3.6244312125,5.011,-0.3311573955000009,-8.371886672700239,-1.3019999999999996,-20.62410898146681,48.79400884957681
Evans 12mm,PVA PEG200,100:20,3.623813925,4.996,-0.4422185229999997,-10.87592213430363,-1.3689999999999998,-21.5082482325216,48.93859318755251
Evans 12mm,PVA PEG200,100:20,3.596283787500001,4.996,-0.398384948499999,-9.972915774210495,-1.3489999999999993,-21.26083530338848,48.54770981083567
Evans 12mm,PVA PEG200,100:20,3.5875687500000004,4.989,-0.3663207219999993,-9.264819479506162,-1.3230000000000004,-20.960076045627385,48.494986255586674
Evans 12mm,PVA PEG200,100:20,3.4851676124999993,4.92,-0.4347391395000004,-11.090547990157916,-1.3630000000000004,-21.693458538914538,47.7149329723314
Evans 12mm,PVA PEG200,100:20,3.4186134,4.975,-0.4061417360000008,-10.618764379900966,-1.378,-21.69053990240831,46.101170942798255
Evans 12mm,PVA PEG200,100:20,3.2791905000000003,4.883,-0.3926423959999994,-10.693362337587146,-1.3230000000000004,-21.318079278117956,44.84862899796403
Evans 12mm,PVA PEG200,100:20,3.7231927875,5.041,-0.3734241084999996,-9.115426655214373,-1.1949999999999994,-19.16292495189223,49.85387156675574
Evans 12mm,PVA PEG200,100:20,3.6882928125,5.064,-0.3828370435000003,-9.403705041139329,-1.1920000000000002,-19.0537084398977,49.14840955145681
Evans 12mm,PVA PEG200,100:20,3.67681215,5.069,-0.3892202979999992,-9.57248381506274,-1.231,-19.539682539682538,48.93926230614182
Evans 12mm,PVA PEG200,100:20,3.7147484125,5.05,-0.3716736675000005,-9.095332303509885,-1.2039999999999995,-19.251678925487685,49.650146855796784
Evans 12mm,PVA PEG200,100:20,3.699791174999999,5.085,-0.3764360889999998,-9.234914164982138,-1.2169999999999996,-19.311329736591553,49.09622613137528
Evans 12mm,PVA PEG200,100:20,3.68426385,5.021,-0.3885651419999996,-9.540423689853748,-1.21,-19.419033862943348,49.525069176855254
Cotton 5mm,PVA PEG200,100:20,1.5047312425,2.007,-0.1728318615000001,-10.302555003021824,-0.5029999999999997,-20.039840637450187,50.60025921317751
Cotton 5mm,PVA PEG200,100:20,1.503264958,2.031,-0.1776249940000001,-10.567318448697591,-0.4969999999999999,-19.659810126582276,49.96076917651251
Cotton 5mm,PVA PEG200,100:20,1.478044722,1.989,-0.1803890059999997,-10.87707051264214,-0.486,-19.636363636363637,50.15937909714571
Evans 12mm,PVA PEG200,100:20,1.3672605644999998,1.93,-0.1747334835000003,-11.331657455269262,-0.4829999999999999,-20.01657687525901,47.719196079043
Evans 12mm,PVA PEG200,100:20,1.36559464,1.948,-0.1747359839999998,-11.344057001621998,-0.4660000000000002,-19.304059652029835,47.1672295461352
Evans 12mm,PVA PEG200,100:20,1.329685821,1.919,0.0704738529999999,5.596663214052296,-0.4489999999999998,-18.96114864864864,46.54821992414547
Evans 12mm,PVA PEG200,100:20,3.458115375,4.889,-0.3447600090000002,-9.065771927487388,-1.2279999999999998,-20.075200261566124,47.63793152098805
Evans 12mm,PVA PEG200,100:20,3.4461269699999995,4.84,-0.3365650859999998,-8.897501594562787,-1.2439999999999998,-20.447074293228138,47.98239855356831
Evans 12mm,PVA PEG200,100:20,3.471610646,4.902,-0.3312647380000002,-8.710901740134439,-1.2509999999999994,-20.33154558751828,47.70278868549259
Cotton 5mm,PVA PEG200,100:20,3.478020732,4.92,-0.3366282599999999,-8.82461953133747,-1.266,-20.46556741028128,47.60749395607047
Cotton 5mm,PVA PEG200,100:20,3.479610321,4.9,-0.3299928389999995,-8.662131595879913,-1.2589999999999997,-20.44163013476213,47.844308776125885
Cotton 5mm,PVA PEG200,100:20,3.4446393630000003,4.941,-0.3464624129999998,-9.138831755805644,-1.2090000000000003,-19.65853658536586,46.87397410432485
Evans 12mm,PVA PEG200,100:20,3.3056534159999997,4.718,-0.4579328239999993,-12.16745930073332,-1.713,-26.636603949619037,47.13881984875915
Evans 12mm,PVA PEG200,100:20,3.2711502450000003,4.701,-0.4585907949999992,-12.29551301502689,-1.7920000000000007,-27.59895271831204,46.773734597717606
Evans 12mm,PVA PEG200,100:20,3.194315299999999,4.672,-0.4761966400000008,-12.973575560688705,-1.753,-27.284046692607006,45.8296940702638
Evans 12mm,PVA PEG200,100:20,3.253285944999999,4.732,-0.4781473550000004,-12.814039982973846,-1.7889999999999997,-27.434442570157948,46.12854135105566
Evans 12mm,PVA PEG200,100:20,3.284346875,4.737,-0.5029310049999989,-13.279485185280333,-1.8019999999999996,-27.557730539837895,46.58163369408281
Evans 12mm,PVA PEG200,100:20,3.2051006299999996,4.716,-0.4704880900000003,-12.800346443548788,-1.721,-26.73605716948889,45.503531142899966
Evans 12mm,PVA PEG200,100:20,3.1797385499999997,4.652,-0.4704662699999997,-12.888763595463113,-1.668,-26.39240506329114,45.81431976654298
Evans 12mm,PVA PEG200,100:20,3.2498387999999996,4.733,-0.4612873799999999,-12.429848989936524,-1.476,-23.77194395232727,46.060002638808946
Cotton 5mm,PVA PEG200,100:20,1.29271688,1.882,-0.2447254239999996,-15.917698073175934,-0.6679999999999999,-26.19607843137255,46.079683198920016
Cotton 5mm,PVA PEG200,100:20,1.216380165,1.808,-0.2308722669999998,-15.952453206863906,-0.6540000000000001,-26.563769293257515,44.948984791310735
