Sample ID,Group ID,Size,Date Tested,Binder Composition,Feed Mix (g Bioglass : g PEG6000),Particle Size (microns),Sintering Temperature (°C),Sintering Time (hours),Final Volume (cm^3),Final Mass (g),Volume Loss (cm^3),Volume Loss (%),Mass Loss (g),Mass Loss (%),Compressive Load (N),Cross-Sectional Area (mm^2),Maximum Stress (MPa),Porosity (%)
1,4225:G1<90um,Evans 6mm,2025-04-22,PVA,100:20,<90,930,6,2.02,2.861,-0.2999999999999998,-12.931034482758614,-0.7489999999999997,-20.74792243767312,1819.25,169.0,10.764792899408285,47.49
2,4225:G1<90um,Evans 6mm,2025-04-22,PVA,100:20,<90,930,6,2.03,2.901,-0.3200000000000003,-13.617021276595755,-0.7690000000000001,-20.953678474114447,1930.66,169.0,11.424023668639053,47.05
3,4225:G1<90um,Evans 6mm,2025-04-22,PVA,100:20,<90,930,6,2.03,2.877,-0.33000000000000007,-13.983050847457632,-0.7530000000000001,-20.743801652892564,1650.06,169.0,9.763668639053254,47.38
4,4225:G1<90um,Evans 6mm,2025-04-22,PVA,100:20,<90,930,6,2.03,2.868,-0.3400000000000003,-14.345991561181446,-0.7520000000000002,-20.77348066298343,1592.2,169.0,9.42130177514793,47.61
5,4225:G1<90um,Evans 6mm,2025-04-22,PVA,100:20,<90,930,6,2.03,2.864,-0.3200000000000003,-13.617021276595755,-0.7560000000000002,-20.88397790055249,1570.2,169.0,9.29112426035503,47.84
6,4225:G1<90um,Evans 6mm,2025-04-22,PVA,100:20,<90,930,6,2.03,2.921,-0.3400000000000003,-14.345991561181446,-0.7590000000000003,-20.625000000000007,1886.41,169.0,11.162189349112426,46.71
7,4225:G1<90um,Evans 6mm,2025-04-22,PVA,100:20,<90,930,6,2.03,2.889,-0.3900000000000001,-16.115702479338847,-0.7610000000000001,-20.849315068493155,1955.43,169.0,11.570591715976331,47.26
8,4225:G1<90um,Evans 6mm,2025-04-22,PVA,100:20,<90,930,6,2.05,2.922,-0.30000000000000027,-12.765957446808521,-0.7679999999999998,-20.813008130081297,1976.02,169.0,11.692426035502958,47.16
9,4225:G1<90um,Evans 6mm,2025-04-22,PVA,100:20,<90,930,6,2.04,2.897,-0.31999999999999984,-13.5593220338983,-0.7630000000000003,-20.846994535519134,1941.63,169.0,11.488934911242604,47.53
10,4225:G1<90um,Evans 6mm,2025-04-22,PVA,100:20,<90,930,6,2.05,2.908,-0.33000000000000007,-13.865546218487399,-0.7720000000000002,-20.978260869565226,2012.43,169.0,11.907869822485207,47.56
11,41025:G1:2kN,13mmx13mm plate,2025-04-10,PVA,100:20,<90,930,6,1.51,2.174,-0.19999999999999996,-11.695906432748536,-0.5870000000000002,-21.260412893879035,1754.3,169.0,10.380473372781065,46.72
12,41025:G1:2kN,13mmx13mm plate,2025-04-10,PVA,100:20,<90,930,6,1.55,2.198,-0.20999999999999996,-11.93181818181818,-0.5800000000000001,-20.87832973362131,1219.3,169.0,7.214792899408284,47.5
13,41025:G1:2kN,13mmx13mm plate,2025-04-10,PVA,100:20,<90,930,6,1.64,2.251,-0.08000000000000007,-4.651162790697678,-0.5900000000000003,-20.76733544526576,1446.9,169.0,8.561538461538461,49.12
14,41025:G1:2kN,13mmx13mm plate,2025-04-10,PVA,100:20,<90,930,6,1.33,2.128,-0.22999999999999998,-14.743589743589741,-0.5669999999999997,-21.03896103896103,2332.87,169.0,13.80396449704142,40.9
15,41025:G1:2kN,13mmx13mm plate,2025-04-10,PVA,100:20,<90,930,6,1.55,2.234,-0.17999999999999994,-10.404624277456644,-0.6070000000000002,-21.3657162970785,1063.94,169.0,6.295502958579882,46.76
16,41025:G1:2kN,13mmx13mm plate,2025-04-10,PVA,100:20,<90,930,6,1.42,2.193,-0.24,-14.457831325301203,-0.5899999999999999,-21.200143729787992,1896.2,169.0,11.220118343195267,42.8
17,41025:G2:3kN,13mmx13mm plate,2025-04-10,PVA,100:20,<90,930,6,1.34,2.135,-0.20999999999999996,-7.734806629834254,-0.5800000000000001,-21.362799263351754,2378.6,169.0,14.07455621301775,41.08
18,41025:G2:3kN,13mmx13mm plate,2025-04-10,PVA,100:20,<90,930,6,1.35,2.145,-0.1299999999999999,-4.7811695476278,-0.5739999999999998,-21.110702464141223,2856.4,169.0,16.901775147928994,41.05
19,41025:G2:3kN,13mmx13mm plate,2025-04-10,PVA,100:20,<90,930,6,1.4,2.198,-0.19000000000000017,-6.805157593123215,-0.5939999999999999,-21.27507163323782,2160.8,169.0,12.785798816568049,41.78
20,41025:G2:3kN,13mmx13mm plate,2025-04-10,PVA,100:20,<90,930,6,1.42,2.252,-0.010000000000000009,-0.35026269702276736,-0.6030000000000002,-21.120840630472863,3143.38,169.0,18.599881656804733,41.42
21,41025:G2:3kN,13mmx13mm plate,2025-04-10,PVA,100:20,<90,930,6,1.49,2.27,-0.1200000000000001,-4.184100418410046,-0.5979999999999999,-20.850767085076704,2342.41,169.0,13.860414201183431,43.45
22,41025:G2:3kN,13mmx13mm plate,2025-04-10,PVA,100:20,<90,930,6,1.45,2.26,-0.16000000000000014,-5.586592178770955,-0.6040000000000001,-21.08938547486034,2275.17,169.0,13.462544378698226,42.39
23,41025:G3:4kN,13mmx13mm plate,2025-04-10,PVA,100:20,<90,930,6,1.3,2.098,-0.1299999999999999,-4.905660377358487,-0.552,-20.830188679245285,3976.3,169.0,23.528402366863908,40.09
24,41025:G3:4kN,13mmx13mm plate,2025-04-10,PVA,100:20,<90,930,6,1.38,2.165,-0.14000000000000012,-5.0946142649199455,-0.5830000000000002,-21.215429403202336,2550.6,169.0,15.092307692307692,41.83
25,41025:G3:4kN,13mmx13mm plate,2025-04-10,PVA,100:20,<90,930,6,1.42,2.141,-0.09000000000000008,-3.3308660251665465,-0.5609999999999999,-20.762398223538117,2493.7,169.0,14.755621301775147,44.13
26,41025:G3:4kN,13mmx13mm plate,2025-04-10,PVA,100:20,<90,930,6,1.4,2.179,-0.13000000000000012,-4.722121322193974,-0.5740000000000003,-20.849981837994925,2302.42,169.0,13.623786982248522,42.2
27,41025:G3:4kN,13mmx13mm plate,2025-04-10,PVA,100:20,<90,930,6,1.39,2.172,-0.09000000000000008,-3.2703488372093052,-0.5799999999999996,-21.075581395348824,2798.67,169.0,16.5601775147929,41.98
28,41025:G3:4kN,13mmx13mm plate,2025-04-10,PVA,100:20,<90,930,6,1.43,2.216,-0.06000000000000005,-2.1359914560341777,-0.593,-21.11071555713777,2713.56,169.0,16.05656804733728,42.68
29,41025:G4:5kN,13mmx13mm plate,2025-04-10,PVA,100:20,<90,930,6,1.3,2.039,-0.06000000000000005,-4.411764705882357,-0.5509999999999997,-21.274131274131264,3603.7,169.0,21.323668639053253,41.74
30,41025:G4:5kN,13mmx13mm plate,2025-04-10,PVA,100:20,<90,930,6,1.35,2.14,-0.039999999999999813,-2.8776978417266053,-0.573,-21.12053077773682,2827.4,169.0,16.7301775147929,41.49
31,41025:G4:5kN,13mmx13mm plate,2025-04-10,PVA,100:20,<90,930,6,1.31,2.142,-0.19999999999999996,-13.24503311258278,-0.565,-20.871813816032507,2747.7,169.0,16.258579881656804,39.64
32,41025:G4:5kN,13mmx13mm plate,2025-04-10,PVA,100:20,<90,930,6,1.35,2.188,-0.19999999999999996,-12.90322580645161,-0.585,-21.09628561125135,2437.7,169.0,14.424260355029585,40.07
33,41025:G4:5kN,13mmx13mm plate,2025-04-10,PVA,100:20,<90,930,6,1.36,2.215,-0.19999999999999996,-12.820512820512816,-0.5840000000000001,-20.864594498035018,2716.57,169.0,16.07437869822485,39.87
34,41025:G4:5kN,13mmx13mm plate,2025-04-10,PVA,100:20,<90,930,6,1.28,2.112,-0.1499999999999999,-10.489510489510485,-0.556,-20.839580209895054,2856.14,169.0,16.90023668639053,38.89
35,32725:G1:2kN,19mmx19mm plate,2025-03-27,PVA,100:20,<90,930,6,3.53,4.722,-0.3666152400000007,-9.408556334651113,-1.279,-21.313114480919847,1743.52,361.0,4.829695290858726,50.5
36,32725:G1:2kN,19mmx19mm plate,2025-03-27,PVA,100:20,<90,930,6,3.39,4.62,-0.3460206399999999,-9.261743264887311,-1.2400000000000002,-21.160409556313994,2844.25,361.0,7.878808864265928,46.38
37,32725:G1:2kN,19mmx19mm plate,2025-03-27,PVA,100:20,<90,930,6,3.51,4.783,-0.3763313370000003,-9.683459910304613,-1.3039999999999994,-21.422704123541966,2821.39,361.0,7.815484764542936,49.62
38,32725:G2:3kN,19mmx19mm plate,2025-03-27,PVA,100:20,<90,930,6,3.55,4.812,-0.3064232250000001,-7.945788289354576,-1.3049999999999997,-21.333987248651294,2698.41,361.0,7.474819944598337,49.92
39,32725:G2:3kN,19mmx19mm plate,2025-03-27,PVA,100:20,<90,930,6,3.46,4.736,-0.3425906030000001,-9.009400137099115,-1.2759999999999998,-21.22421823020625,2675.67,361.0,7.411828254847646,49.41
40,32725:G2:3kN,19mmx19mm plate,2025-03-27,PVA,100:20,<90,930,6,3.33,4.783,-0.30138368000000026,-8.299417152196934,-1.2559999999999993,-20.798145388309315,3429.45,361.0,9.499861495844875,46.81
41,32725:G3:4kN,19mmx19mm plate,2025-03-27,PVA,100:20,<90,930,6,3.32,4.767,-0.3776927900000002,-10.21428256618366,-1.266,-20.984584783689705,3190.37,361.0,8.83759002770083,46.97
42,32725:G3:4kN,19mmx19mm plate,2025-03-27,PVA,100:20,<90,930,6,3.22,4.742,-0.2908690399999996,-8.28481600099785,-1.2610000000000001,-21.006163584874233,3246.49,361.0,8.993047091412741,45.59
43,32725:G3:4kN,19mmx19mm plate,2025-03-27,PVA,100:20,<90,930,6,3.33,4.711,-0.23977041599999938,-6.716690096520746,-1.258,-21.07555704473111,3558.46,361.0,9.857229916897507,47.61
44,32725:G4:5kN,19mmx19mm plate,2025-03-27,PVA,100:20,<90,930,6,2.97,4.735,-0.17408392199999945,-5.536872625501103,-1.2249999999999996,-20.55369127516778,5014.07,361.0,13.88939058171745,41.08
45,32725:G4:5kN,19mmx19mm plate,2025-03-27,PVA,100:20,<90,930,6,3.01,4.779,-0.3388746239999998,-10.11905974536716,-1.2759999999999998,-21.07349298100743,5006.8,361.0,13.869252077562328,41.22
46,32725:G4:5kN,19mmx19mm plate,2025-03-27,PVA,100:20,<90,930,6,2.89,4.707,-0.2719784319999996,-8.601527108708616,-1.2380000000000004,-20.824222035323807,5015.91,361.0,13.89448753462604,39.83
47,7125:100:0:HMW,Evans 12mm,2025-07-01,PVA,100:0,<90,930,6,3.83,5.572,-0.21999999999999975,-5.432098765432094,-0.484,-7.992073976221928,7789.12,174.0909090909091,44.74168146214099,46.12
48,7125:100:10:LMW,Evans 12mm,2025-07-01,PVA,100:10,<90,930,6,3.65,4.607,-0.43000000000000016,-7.72964227934568,-0.9559999999999995,-17.18497213733596,7505.0,165.9090909090909,45.23561643835617,53.3
49,7125:100:10:LMW,Evans 12mm,2025-07-01,PVA,100:10,<90,930,6,3.78,4.605,-0.2799999999999998,-5.044136191677172,-0.9459999999999997,-17.041974419023596,7505.0,171.8181818181818,43.679894179894184,54.82
50,7125:100:10:LMW,Evans 12mm,2025-07-01,PVA,100:10,<90,930,6,3.76,4.58,-0.3100000000000005,-5.579553635709153,-0.976,-17.566594672426206,7272.0,170.9090909090909,42.54893617021277,54.89
51,7125:100:10:HMW,Evans 12mm,2025-07-01,PVA,100:10,<90,930,6,3.8,4.961,-0.23000000000000043,-3.889734483341796,-0.952,-16.100118383223403,8175.0,172.72727272727272,47.328947368421055,51.71
52,7125:100:10:HMW,Evans 12mm,2025-07-01,PVA,100:10,<90,930,6,3.82,4.919,-0.23999999999999977,-4.07747196738022,-0.9670000000000005,-16.428814135236163,8314.0,173.63636363636363,47.88167539267016,52.29
53,7125:100:10:HMW,Evans 12mm,2025-07-01,PVA,100:10,<90,930,6,3.82,4.935,-0.25000000000000044,-4.175714047102062,-1.0520000000000005,-17.571404710205453,8597.0,173.63636363636363,49.51151832460733,52.19
54,7125:100:10:LMW,Evans 12mm,2025-07-01,PVA,100:10,<90,930,6,3.77,4.876,-0.24999999999999956,-4.450774434751638,-0.7409999999999997,-13.192095424603876,2540.0,171.36363636363635,14.822281167108756,52.14
55,7125:100:10:LMW,Evans 12mm,2025-07-01,PVA,100:10,<90,930,6,3.77,4.933,-0.26000000000000023,-4.587155963302756,-0.7350000000000003,-12.967537050105863,2243.0,171.36363636363635,13.089124668435014,51.59
56,7125:100:10:LMW,Evans 12mm,2025-07-01,PVA,100:10,<90,930,6,3.76,4.967,-0.2999999999999998,-5.2640814177925925,-0.7320000000000002,-12.844358659413938,2065.0,170.9090909090909,12.082446808510639,51.1
57,7125:100:10:HMW,Evans 12mm,2025-07-01,PVA,100:10,<90,930,6,3.81,4.932,-0.22999999999999998,-4.062886415827592,-0.7289999999999992,-12.877583465818745,1820.0,173.1818181818182,10.509186351706036,52.16
58,7125:100:10:HMW,Evans 12mm,2025-07-01,PVA,100:10,<90,930,6,3.78,4.939,-0.2900000000000005,-5.109231853417908,-0.7370000000000001,-12.984496124031008,1849.0,171.8181818181818,10.761375661375661,51.63
59,7125:100:10:HMW,Evans 12mm,2025-07-01,PVA,100:10,<90,930,6,3.77,4.94,-0.30000000000000027,-5.29661016949153,-0.7239999999999993,-12.782485875706204,1986.0,171.36363636363635,11.589389920424404,51.43
60,7125:100:20:HMW,Evans 12mm,2025-07-01,PVA,100:20,<90,930,6,3.78,4.961,-0.27,-4.447372755723935,-1.1099999999999994,-18.283643551309495,2671.0,171.8181818181818,15.545502645502646,51.35
61,7125:100:20:HMW,Evans 12mm,2025-07-01,PVA,100:20,<90,930,6,3.82,4.909,-0.17000000000000037,-2.8380634390651145,-1.0810000000000004,-18.04674457429049,2526.0,173.63636363636363,14.547643979057593,52.43
62,7125:100:20:HMW,Evans 12mm,2025-07-01,PVA,100:20,<90,930,6,3.73,4.458,-0.27,-4.951402897487622,-0.9950000000000001,-18.246836603704384,900.0,169.54545454545456,5.308310991957104,55.73
63,62425:100:20:HMW,Evans 12mm,2025-06-24,PVA,100:20,<90,930,6,3.66,4.701,-0.5999999999999996,-14.084507042253513,-1.2850000000000001,-21.46675576344805,2136.0,166.36363636363637,12.83934426229508,52.48
64,62425:100:20:HMW,Evans 12mm,2025-06-24,PVA,100:20,<90,930,6,3.52,4.657,-0.6599999999999997,-15.78947368421052,-1.2409999999999997,-21.041030857917935,2026.0,160.0,12.6625,51.05
65,62425:100:20:HMW,Evans 12mm,2025-06-24,PVA,100:20,<90,930,6,3.47,4.627,-0.6999999999999997,-16.786570743405267,-1.2599999999999998,-21.40309155766944,1883.0,157.72727272727275,11.938328530259364,50.62
66,62425:100:20:HMW,Evans 12mm,2025-06-24,PVA,100:20,<90,930,6,3.54,4.577,-0.6699999999999999,-15.914489311163893,-1.3120000000000003,-22.278824927831554,1966.0,160.9090909090909,12.218079096045198,52.13
67,62425:100:20:HMW,Evans 12mm,2025-06-24,PVA,100:20,<90,930,6,3.52,4.611,-0.7200000000000002,-16.981132075471702,-1.237,-21.152530779753764,1912.0,160.0,11.95,51.47
68,62425:100:20:HMW,Evans 12mm,2025-06-24,PVA,100:20,<90,930,6,3.49,4.688,-0.7299999999999995,-17.298578199052123,-1.2780000000000005,-21.42138786456588,2089.0,158.63636363636365,13.168481375358164,50.27
69,62425:100:30:HMW,Evans 12mm,2025-06-24,PVA,100:30,<90,930,6,3.5,4.192,-0.6200000000000001,-10.528103243335032,-1.697,-28.816437425708948,2172.0,159.0909090909091,13.652571428571429,55.68
70,62425:100:30:HMW,Evans 12mm,2025-06-24,PVA,100:30,<90,930,6,3.45,4.22,-0.6600000000000001,-11.148648648648651,-1.7000000000000002,-28.716216216216218,2085.0,156.81818181818184,13.29565217391304,54.7
71,62425:100:30:HMW,Evans 12mm,2025-06-24,PVA,100:30,<90,930,6,3.47,4.199,-0.69,-11.69095221958658,-1.7030000000000003,-28.854625550660796,2074.0,157.72727272727275,13.149279538904898,55.12
72,62425:100:40:HMW,Evans 12mm,2025-06-24,PVA,100:40,<90,930,6,3.5,3.806,-0.5599999999999996,-9.58575830195138,-2.0359999999999996,-34.85107839780896,1833.0,159.0909090909091,11.521714285714285,59.76
73,62425:100:40:HMW,Evans 12mm,2025-06-24,PVA,100:40,<90,930,6,3.55,3.865,-0.5200000000000005,-8.837525492862005,-2.019,-34.313392250169954,1925.0,161.36363636363635,11.929577464788734,59.67
74,62425:100:40:HMW,Evans 12mm,2025-06-24,PVA,100:40,<90,930,6,3.47,3.879,-0.5899999999999994,-9.951087873165784,-2.0500000000000003,-34.57581379659302,1849.0,157.72727272727275,11.722766570605186,58.58
75,62425:100:20:LMW,Evans 12mm,2025-06-24,PVA,100:20,<90,930,6,3.63,4.6,-0.6200000000000001,-10.465901417960838,-1.3240000000000007,-22.3497636731938,5057.0,165.0,30.64848484848485,53.13
76,62425:100:20:LMW,Evans 12mm,2025-06-24,PVA,100:20,<90,930,6,3.5,4.59,-0.6200000000000001,-10.444743935309974,-1.346,-22.675202156334233,7090.0,159.0909090909091,44.565714285714286,51.44
77,62425:100:20:LMW,Evans 12mm,2025-06-24,PVA,100:20,<90,930,6,3.48,4.579,-0.6300000000000003,-10.609632873021226,-1.359,-22.886493768945773,7012.0,158.1818181818182,44.32873563218391,51.27
78,62425:100:20:LMW,Evans 12mm,2025-06-24,PVA,100:20,<90,930,6,3.49,4.598,-0.5899999999999999,-9.87778335844634,-1.375,-23.02025782688766,7121.0,158.63636363636365,44.88882521489971,51.21
79,62425:100:20:LMW,Evans 12mm,2025-06-24,PVA,100:20,<90,930,6,3.54,4.572,-0.5499999999999998,-9.229736532975329,-1.3869999999999996,-23.275717402248695,7002.0,160.9090909090909,43.51525423728813,52.22
80,62425:100:20:LMW,Evans 12mm,2025-06-24,PVA,100:20,<90,930,6,3.52,4.612,-0.5799999999999996,-9.74789915966386,-1.338,-22.487394957983195,7416.0,160.0,46.35,51.5
81,62425:100:30:LMW,Evans 12mm,2025-06-24,PVA,100:30,<90,930,6,3.5,4.308,-0.5700000000000003,-9.534961525593848,-1.67,-27.93576446972231,7522.0,159.0909090909091,47.281142857142854,54.42
82,62425:100:30:LMW,Evans 12mm,2025-06-24,PVA,100:30,<90,930,6,3.58,4.323,-0.47999999999999954,-8.053691275167777,-1.6369999999999996,-27.466442953020128,7300.0,162.72727272727272,44.86033519553073,55.25
83,62425:100:30:LMW,Evans 12mm,2025-06-24,PVA,100:30,<90,930,6,3.58,4.278,-0.46999999999999975,-7.841174507841171,-1.7160000000000002,-28.628628628628633,7945.0,162.72727272727272,48.824022346368714,55.74
84,62425:100:30:LMW,Evans 12mm,2025-06-24,PVA,100:30,<90,930,6,3.54,4.315,-0.54,-9.02557245528999,-1.6679999999999993,-27.878990473006844,7558.0,160.9090909090909,46.97062146892655,54.88
85,62425:100:30:LMW,Evans 12mm,2025-06-24,PVA,100:30,<90,930,6,3.45,3.702,-0.6399999999999997,-10.698762955533262,-2.2800000000000002,-38.114343029087266,7383.0,156.81818181818184,47.07999999999999,60.31
86,62425:100:30:LMW,Evans 12mm,2025-06-24,PVA,100:30,<90,930,6,3.47,4.226,-0.6000000000000001,-10.058675607711653,-1.7389999999999999,-29.1533948030176,7193.0,157.72727272727275,45.604034582132556,54.94
87,62425:100:40:LMW,Evans 12mm,2025-06-24,PVA,100:40,<90,930,6,3.52,4.239,-0.52,-8.688387635756056,-1.7460000000000004,-29.172932330827074,8320.0,160.0,52.0,55.39
88,62425:100:40:LMW,Evans 12mm,2025-06-24,PVA,100:40,<90,930,6,3.5,3.848,-0.54,-9.027081243731194,-2.1340000000000003,-35.67368772985624,8986.0,159.0909090909091,56.48342857142857,59.28
89,62425:100:40:LMW,Evans 12mm,2025-06-24,PVA,100:40,<90,930,6,3.48,3.803,-0.5799999999999996,-9.660226515656225,-2.2009999999999996,-36.65889407061959,8697.0,158.1818181818182,54.981034482758616,59.47
90,62425:100:40:LMW,Evans 12mm,2025-06-24,PVA,100:40,<90,930,6,3.52,3.083,-0.5500000000000003,-9.148369926813045,-2.9289999999999994,-48.71922821024617,9096.0,160.0,56.85,59.99
91,62425:100:40:LMW,Evans 12mm,2025-06-24,PVA,100:40,<90,930,6,3.46,3.8,-0.6200000000000001,-10.413167618407796,-2.154,-36.17735975814578,8522.0,157.27272727272725,54.18612716763006,59.34
92,62425:100:40:LMW,Evans 12mm,2025-06-24,PVA,100:40,<90,930,6,3.52,3.769,-0.5500000000000003,-9.160559626915395,-2.2349999999999994,-37.22518321119253,8354.0,160.0,52.2125,60.34
93,71725:100:0:8%,Evans 12mm,2025-07-17,PVA,100:0,<90,930,6,3.53,5.403,-0.4700000000000002,-11.750000000000005,-0.47800000000000065,-8.127869409964303,4170.0,160.45454545454544,25.988668555240796,43.27
94,71725:100:0:8%,Evans 12mm,2025-07-17,PVA,100:0,<90,930,6,3.63,5.395,-0.3700000000000001,-9.250000000000004,-0.492,-8.357397655851878,4203.0,165.0,25.472727272727273,44.9
95,71725:100:0:8%,Evans 12mm,2025-07-17,PVA,100:0,<90,930,6,3.55,5.389,-0.4500000000000002,-11.250000000000004,-0.49099999999999966,-8.350340136054415,4233.0,161.36363636363635,26.232676056338033,43.85
96,71725:100:0:8%,Evans 12mm,2025-07-17,PVA,100:0,<90,930,6,3.5,5.437,-0.5,-12.5,-0.47299999999999986,-8.00338409475465,4296.0,159.0909090909091,27.00342857142857,42.47
97,71725:100:0:8%,Evans 12mm,2025-07-17,PVA,100:0,<90,930,6,3.49,5.368,-0.5099999999999998,-12.749999999999995,-0.47799999999999976,-8.176530961341083,3756.0,158.63636363636365,23.676790830945556,43.08
98,71725:100:0:8%,Evans 12mm,2025-07-17,PVA,100:0,<90,930,6,3.45,5.418,-0.5499999999999998,-13.749999999999996,-0.45500000000000007,-7.747318235995233,4090.0,156.81818181818184,26.08115942028985,41.9
99,71725:100:0:5%,Evans 12mm,2025-07-17,PVA,100:0,<90,930,6,3.51,5.414,-0.4900000000000002,-8.310719131614658,-0.4820000000000002,-8.175033921302582,4069.0,159.54545454545453,25.503703703703707,42.84
100,71725:100:0:5%,Evans 12mm,2025-07-17,PVA,100:0,<90,930,6,3.48,5.376,-0.52,-8.861622358554873,-0.492,-8.384458077709612,3956.0,158.1818181818182,25.00919540229885,42.8
101,71725:100:0:5%,Evans 12mm,2025-07-17,PVA,100:0,<90,930,6,3.47,5.437,-0.5299999999999998,-8.96178559350693,-0.4769999999999994,-8.06560703415623,4174.0,157.72727272727275,26.463400576368873,41.94
102,71725:100:0:5%,Evans 12mm,2025-07-17,PVA,100:0,<90,930,6,3.39,5.498,-0.6099999999999999,-10.255548083389373,-0.4500000000000002,-7.565568258238066,5050.0,154.0909090909091,32.772861356932154,40.01
103,71725:100:0:5%,Evans 12mm,2025-07-17,PVA,100:0,<90,930,6,3.37,5.472,-0.6299999999999999,-10.632911392405061,-0.4529999999999994,-7.645569620253155,4905.0,153.1818181818182,32.02077151335312,39.85
104,71725:100:0:5%,Evans 12mm,2025-07-17,PVA,100:0,<90,930,6,3.4,5.539,-0.6000000000000001,-10.00333444481494,-0.4590000000000005,-7.652550850283436,5548.0,154.54545454545453,35.898823529411764,39.59
105,71725:100:40:5%,Evans 12mm,2025-07-17,PVA,100:40,<90,930,6,3.55,3.902,-0.41000000000000014,-6.840173506840176,-2.0919999999999996,-34.90156823490157,5063.0,161.36363636363635,31.376338028169016,59.3
106,71725:100:40:5%,Evans 12mm,2025-07-17,PVA,100:40,<90,930,6,3.34,3.764,-0.6200000000000001,-10.414916848647742,-2.1890000000000005,-36.77137577691921,4499.0,151.8181818181818,29.634131736526946,58.29
107,71725:100:40:5%,Evans 12mm,2025-07-17,PVA,100:40,<90,930,6,3.4,3.893,-0.56,-9.362982778799534,-2.088,-34.910550075238255,4667.0,154.54545454545453,30.198235294117648,57.55
108,71725:100:40:5%,Evans 12mm,2025-07-17,PVA,100:40,<90,930,6,3.53,3.933,-0.43000000000000016,-7.107438016528929,-2.117,-34.99173553719008,1973.0,160.45454545454544,12.296317280453259,58.76
109,71725:100:0:8%,Evans 12mm,2025-07-17,PVA,100:0,<90,930,6,3.66,5.296,-0.34999999999999964,-5.785123966942144,-0.7539999999999996,-12.462809917355365,3390.0,166.36363636363637,20.377049180327866,46.35
110,71725:100:0:8%,Evans 12mm,2025-07-17,PVA,100:0,<90,930,6,3.5,5.334,-0.5099999999999998,-8.889663587240715,-0.40300000000000047,-7.024577305211792,3970.0,159.0909090909091,24.954285714285714,43.6
111,71725:100:0:8%,Evans 12mm,2025-07-17,PVA,100:0,<90,930,6,3.5,5.399,-0.5099999999999998,-8.838821490467936,-0.37099999999999955,-6.429809358752159,3384.0,159.0909090909091,21.270857142857142,42.9
112,71725:100:0:5%,Evans 12mm,2025-07-17,PVA,100:5,<90,930,6,3.47,5.378,-0.5399999999999996,-9.204022498721656,-0.4889999999999999,-8.334753707175727,3117.0,157.72727272727275,19.76195965417867,42.63
113,71725:100:0:5%,Evans 12mm,2025-07-17,PVA,100:5,<90,930,6,3.47,5.344,-0.5399999999999996,-9.276756571035898,-0.4769999999999994,-8.19446830441504,3465.0,157.72727272727275,21.968299711815558,42.95
114,71725:100:0:5%,Evans 12mm,2025-07-17,PVA,100:5,<90,930,6,3.49,5.407,-0.5199999999999996,-8.994983566856938,-0.37399999999999967,-6.469468950008643,2228.0,158.63636363636365,14.044699140401145,42.57
115,71725:100:0:5%,Evans 12mm,2025-07-17,PVA,100:5,<90,930,6,3.53,5.436,-0.48,-8.19112627986348,-0.4240000000000004,-7.2354948805460815,3656.0,160.45454545454544,22.785269121813034,42.94
116,71725:100:0:5%,Evans 12mm,2025-07-17,PVA,100:5,<90,930,6,3.53,5.381,-0.48,-8.153558688635979,-0.5059999999999993,-8.595209784270416,3410.0,160.45454545454544,21.252124645892355,43.58
117,71125:100:20:HMW,Evans 12mm,2025-07-11,PVA,100:20,<90,930,6,3.66,4.701,-0.5999999999999996,-14.084507042253513,-1.2850000000000001,-21.46675576344805,2136.0,166.36363636363637,12.83934426229508,52.48
118,71125:100:20:HMW,Evans 12mm,2025-07-11,PVA,100:20,<90,930,6,3.52,4.657,-0.6599999999999997,-15.78947368421052,-1.2409999999999997,-21.041030857917935,2026.0,160.0,12.6625,51.05
119,71125:100:20:HMW,Evans 12mm,2025-07-11,PVA,100:20,<90,930,6,3.47,4.627,-0.6999999999999997,-16.786570743405267,-1.2599999999999998,-21.40309155766944,1883.0,157.72727272727275,11.938328530259364,50.62
120,71125:100:20:HMW,Evans 12mm,2025-07-11,PVA,100:20,<90,930,6,3.54,4.577,-0.6699999999999999,-15.914489311163893,-1.3120000000000003,-22.278824927831554,1966.0,160.9090909090909,12.218079096045198,52.13
121,71125:100:20:HMW,Evans 12mm,2025-07-11,PVA,100:20,<90,930,6,3.52,4.611,-0.7200000000000002,-16.981132075471702,-1.237,-21.152530779753764,1912.0,160.0,11.95,51.47
122,71125:100:20:HMW,Evans 12mm,2025-07-11,PVA,100:20,<90,930,6,3.49,4.688,-0.7299999999999995,-17.298578199052123,-1.2780000000000005,-21.42138786456588,2089.0,158.63636363636365,13.168481375358164,50.27
123,71125:100:30:HMW,Evans 12mm,2025-07-11,PVA,100:30,<90,930,6,3.5,4.192,-0.6200000000000001,-10.528103243335032,-1.697,-28.816437425708948,2172.0,159.0909090909091,13.652571428571429,55.68
124,71125:100:30:HMW,Evans 12mm,2025-07-11,PVA,100:30,<90,930,6,3.45,4.22,-0.6600000000000001,-11.148648648648651,-1.7000000000000002,-28.716216216216218,2085.0,156.81818181818184,13.29565217391304,54.7
125,71125:100:30:HMW,Evans 12mm,2025-07-11,PVA,100:30,<90,930,6,3.47,4.199,-0.69,-11.69095221958658,-1.7030000000000003,-28.854625550660796,2074.0,157.72727272727275,13.149279538904898,55.12
126,71125:100:40:HMW,Evans 12mm,2025-07-11,PVA,100:40,<90,930,6,3.5,3.806,-0.5599999999999996,-9.58575830195138,-2.0359999999999996,-34.85107839780896,1833.0,159.0909090909091,11.521714285714285,59.76
127,71125:100:40:HMW,Evans 12mm,2025-07-11,PVA,100:40,<90,930,6,3.55,3.865,-0.5200000000000005,-8.837525492862005,-2.019,-34.313392250169954,1925.0,161.36363636363635,11.929577464788734,59.67
128,71125:100:40:HMW,Evans 12mm,2025-07-11,PVA,100:40,<90,930,6,3.47,3.879,-0.5899999999999994,-9.951087873165784,-2.0500000000000003,-34.57581379659302,1849.0,157.72727272727275,11.722766570605186,58.58
129,71125:100:20:LMW,Evans 12mm,2025-07-11,PVA,100:20,<90,930,6,3.63,4.6,-0.6200000000000001,-10.465901417960838,-1.3240000000000007,-22.3497636731938,5057.0,165.0,30.64848484848485,53.13
130,71125:100:20:LMW,Evans 12mm,2025-07-11,PVA,100:20,<90,930,6,3.5,4.59,-0.6200000000000001,-10.444743935309974,-1.346,-22.675202156334233,7090.0,159.0909090909091,44.565714285714286,51.44
131,71125:100:20:LMW,Evans 12mm,2025-07-11,PVA,100:20,<90,930,6,3.48,4.579,-0.6300000000000003,-10.609632873021226,-1.359,-22.886493768945773,7012.0,158.1818181818182,44.32873563218391,51.27
132,71125:100:20:LMW,Evans 12mm,2025-07-11,PVA,100:20,<90,930,6,3.49,4.598,-0.5899999999999999,-9.87778335844634,-1.375,-23.02025782688766,7121.0,158.63636363636365,44.88882521489971,51.21
133,71125:100:20:LMW,Evans 12mm,2025-07-11,PVA,100:20,<90,930,6,3.54,4.572,-0.5499999999999998,-9.229736532975329,-1.3869999999999996,-23.275717402248695,7002.0,160.9090909090909,43.51525423728813,52.22
134,71125:100:20:LMW,Evans 12mm,2025-07-11,PVA,100:20,<90,930,6,3.52,4.612,-0.5799999999999996,-9.74789915966386,-1.338,-22.487394957983195,7416.0,160.0,46.35,51.5
135,71125:100:30:LMW,Evans 12mm,2025-07-11,PVA,100:30,<90,930,6,3.5,4.308,-0.5700000000000003,-9.534961525593848,-1.67,-27.93576446972231,7522.0,159.0909090909091,47.281142857142854,54.42
136,71125:100:30:LMW,Evans 12mm,2025-07-11,PVA,100:30,<90,930,6,3.58,4.323,-0.47999999999999954,-8.053691275167777,-1.6369999999999996,-27.466442953020128,7300.0,162.72727272727272,44.86033519553073,55.25
137,71125:100:30:LMW,Evans 12mm,2025-07-11,PVA,100:30,<90,930,6,3.58,4.278,-0.46999999999999975,-7.841174507841171,-1.7160000000000002,-28.628628628628633,7945.0,162.72727272727272,48.824022346368714,55.74
138,71125:100:30:LMW,Evans 12mm,2025-07-11,PVA,100:30,<90,930,6,3.54,4.315,-0.54,-9.02557245528999,-1.6679999999999993,-27.878990473006844,7558.0,160.9090909090909,46.97062146892655,54.88
139,71125:100:30:LMW,Evans 12mm,2025-07-11,PVA,100:30,<90,930,6,3.45,3.702,-0.6399999999999997,-10.698762955533262,-2.2800000000000002,-38.114343029087266,7383.0,156.81818181818184,47.07999999999999,60.31
140,71125:100:30:LMW,Evans 12mm,2025-07-11,PVA,100:30,<90,930,6,3.47,4.226,-0.6000000000000001,-10.058675607711653,-1.7389999999999999,-29.1533948030176,7193.0,157.72727272727275,45.604034582132556,54.94
141,71125:100:40:LMW,Evans 12mm,2025-07-11,PVA,100:40,<90,930,6,3.52,4.239,-0.52,-8.688387635756056,-1.7460000000000004,-29.172932330827074,8320.0,160.0,52.0,55.39
142,71125:100:40:LMW,Evans 12mm,2025-07-11,PVA,100:40,<90,930,6,3.5,3.848,-0.54,-9.027081243731194,-2.1340000000000003,-35.67368772985624,8986.0,159.0909090909091,56.48342857142857,59.28
143,71125:100:40:LMW,Evans 12mm,2025-07-11,PVA,100:40,<90,930,6,3.48,3.803,-0.5799999999999996,-9.660226515656225,-2.2009999999999996,-36.65889407061959,8697.0,158.1818181818182,54.981034482758616,59.47
144,71125:100:40:LMW,Evans 12mm,2025-07-11,PVA,100:40,<90,930,6,3.52,3.083,-0.5500000000000003,-9.148369926813045,-2.9289999999999994,-48.71922821024617,9096.0,160.0,56.85,59.99
145,71125:100:40:LMW,Evans 12mm,2025-07-11,PVA,100:40,<90,930,6,3.46,3.8,-0.6200000000000001,-10.413167618407796,-2.154,-36.17735975814578,8522.0,157.27272727272725,54.18612716763006,59.34
146,71125:100:40:LMW,Evans 12mm,2025-07-11,PVA,100:40,<90,930,6,3.52,3.769,-0.5500000000000003,-9.160559626915395,-2.2349999999999994,-37.22518321119253,8354.0,160.0,52.2125,60.34
147,91525:PVA100:20,Evans 12mm,2025-09-15,PVA,100:20,<90,930,6,3.5625264479999994,5.008,-0.41899585699999964,-10.523508972279881,-1.3090000000000002,-20.721861643185058,829.472,161.93302036363633,5.122315375439426,47.935409269561866
148,91525:PVA100:20,Evans 12mm,2025-09-15,PVA,100:20,<90,930,6,3.3943711199999997,4.993,-0.46801630250000015,-12.117280099184564,-1.3229999999999995,-20.946801773274217,847.615,154.28959636363635,5.4936626964938355,45.51982697580636
149,91525:PVA100:20,Evans 12mm,2025-09-15,PVA,100:20,<90,930,6,3.4108956180000005,4.968,-0.4169599544999998,-10.892781783500787,-1.3390000000000004,-21.23037894403045,874.291,155.04070990909094,5.639106016172436,46.05522402122364
150,91525:PVA100:20,Evans 12mm,2025-09-15,PVA,100:20,<90,930,6,3.57857192,4.985,-0.27518253999999986,-7.140635005583616,-1.319,-20.923223350253807,889.803,162.66236,5.470245236820614,48.406897008896884
151,91525:PVA100:20,Evans 12mm,2025-09-15,PVA,100:20,<90,930,6,3.6795144960000004,5.022,-0.4453149864999997,-10.795961103102393,-1.327,-20.900929280201606,853.227,167.25065890909093,5.101486628305431,49.44985263621041
152,91525:PVA100:20,Evans 12mm,2025-09-15,PVA,100:20,<90,930,6,3.5610807374999993,4.998,-0.5136775625000007,-12.606332073733078,-1.3049999999999997,-20.704426463588764,1048.526,161.86730624999998,6.477688572765757,48.0182773836615
153,91525:PVA100:20,Evans 12mm,2025-09-15,PVA,100:20,<90,930,6,3.6120997200000002,5.01,-0.4229469524999998,-10.481835448955387,-1.3180000000000005,-20.82806573957017,1063.814,164.18635090909092,6.47930838409965,48.62944826020597
154,91525:PVA100:20,Evans 12mm,2025-09-15,PVA,100:20,<90,930,6,3.84939317,5.229,-0.35658616,-8.478076852555526,-1.3529999999999998,-20.55606198723792,1081.927,174.9724168181818,6.183414618569606,49.68903977489349
155,91525:PVA100:20,Evans 12mm,2025-09-15,PVA,100:20,<90,930,6,3.5294651084999997,5.038,-0.4382444565000001,-11.045275600962494,-1.2889999999999997,-20.373004583530896,1096.438,160.43023220454543,6.834360238300116,47.13289780277974
156,91525:PVA100:20,Evans 12mm,2025-09-15,PVA,100:20,<90,930,6,3.5533601460000006,4.986,-0.4005366789999987,-10.130175285997725,-1.2800000000000002,-20.427705075007985,1114.905,161.5163702727273,6.902736844057572,48.03041091273988
157,91525:PVA100:30,Evans 12mm,2025-09-15,PVA,100:30,<90,930,6,3.8079219749999993,4.303,-0.44985513000000044,-10.565492718529718,-2.0229999999999997,-31.979133733797028,1352.18,173.08736249999998,7.812124354254922,58.14767964872222
158,91525:PVA100:30,Evans 12mm,2025-09-15,PVA,100:30,<90,930,6,3.7379925629999997,4.358,-0.3868369195000003,-9.378252389370143,-2.0060000000000002,-31.5210559396606,1358.42,169.90875286363635,7.994997179987703,56.81976229565671
159,91525:PVA100:30,Evans 12mm,2025-09-15,PVA,100:30,<90,930,6,3.7706325929999998,4.343,-0.4249871819999993,-10.129306390734595,-2.016,-31.703097971379147,1286.85,171.3923905909091,7.508209644333279,57.34088435174892
160,91525:PVA100:30,Evans 12mm,2025-09-15,PVA,100:30,<90,930,6,3.7714121250000003,4.388,-0.49154475749999893,-11.53060589277492,-2.005,-31.362427655247927,1239.71,171.4278238636364,7.231673202514296,56.90778065828101
161,91525:PVA100:30,Evans 12mm,2025-09-15,PVA,100:30,<90,930,6,3.741715545,4.387,-0.4400914899999995,-10.523954986842178,-2.027,-31.60274399750546,1488.33,170.0779793181818,8.750868313267251,56.57567243490674
162,91525:PVA100:30,Evans 12mm,2025-09-15,PVA,100:30,<90,930,6,3.8245486630000007,4.431,-0.4211422944999983,-9.919287548615657,-2.0300000000000002,-31.4192849404117,1492.58,173.84312104545458,8.585786949888783,57.09007112426665
163,91525:PVA100:30,Evans 12mm,2025-09-15,PVA,100:30,<90,930,6,3.729577764,4.361,-0.4505026784999995,-10.777368634335787,-1.9700000000000006,-31.116727215289853,1521.14,169.526262,8.972887044486358,56.69254571453454
164,91525:PVA100:30,Evans 12mm,2025-09-15,PVA,100:30,<90,930,6,3.814545672,4.335,-0.3966134354999995,-9.418153657353816,-1.9539999999999997,-31.07012243599936,1447.89,173.38843963636364,8.350556721293335,57.909651800977166
165,91525:PVA100:40,Evans 12mm,2025-09-15,PVA,100:40,<90,930,6,3.8463912784999996,3.951,-0.402752864,-9.478446729346274,-2.379,-37.58293838862559,1245.43,174.83596720454545,7.123419854124964,61.95568190077639
166,91525:PVA100:40,Evans 12mm,2025-09-15,PVA,100:40,<90,930,6,3.8388077910000002,4.027,-0.36717153899999966,-8.729751389434423,-2.3440000000000003,-36.79171244702559,1248.62,174.49126322727273,7.155773744234333,61.14727377134571
167,91525:PVA100:40,Evans 12mm,2025-09-15,PVA,100:40,<90,930,6,3.866511024,4.042,-0.32047578849999914,-7.654091184219587,-2.378,-37.0404984423676,1317.54,175.7505010909091,7.496650034121304,61.281966409905245
168,91525:PVA100:40,Evans 12mm,2025-09-15,PVA,100:40,<90,930,6,3.9708804899999994,3.993,-0.3507805375000008,-8.116798963821575,-2.3560000000000003,-37.10820601669555,1189.77,180.4945677272727,6.591721928151004,62.75665075760342
169,91525:PVA100:40,Evans 12mm,2025-09-15,PVA,100:40,<90,930,6,3.7865873985,3.975,-0.3814068964999997,-9.15084977341601,-2.3720000000000003,-37.371986765400976,1364.21,172.11760902272727,7.926033877334787,61.12007812614016
170,91525:PVA100:40,Evans 12mm,2025-09-15,PVA,100:40,<90,930,6,3.84351669,4.019,-0.3762753800000005,-8.91691755797817,-2.396,-37.349961028838656,1212.95,174.7053040909091,6.942834428019617,61.27196423027582
171,91525:PVA100:40,Evans 12mm,2025-09-15,PVA,100:40,<90,930,6,3.8751860099999997,3.961,-0.4171229449999996,-9.717915214702892,-2.3300000000000005,-37.03703703703704,1286.48,176.14481863636362,7.303535863043643,62.142796932810015
172,91525:PVA100:40,Evans 12mm,2025-09-15,PVA,100:40,<90,930,6,3.840737186,3.987,-0.3894144389999994,-9.205685127184998,-2.3200000000000003,-36.78452513080705,1147.83,174.57896300000002,6.574847165291042,61.55251986391275
173,91525:PVA100:40,Evans 12mm,2025-09-15,PVA,100:40,<90,930,6,3.7384498230000003,3.98,-0.4312710644999993,-10.342924050213165,-2.3249999999999997,-36.87549563838223,1286.48,169.92953740909093,7.570667346094804,60.56991149098342
174,91525:PVAGLY100:20,Evans 12mm,2025-09-15,PVA Glycerol,100:20,<90,930,6,3.7480056480000004,4.938,-0.4894218300000004,-11.549975369277583,-1.476,-23.012160898035546,1147.83,170.3638930909091,6.737519195968938,51.20367841855268
175,91525:PVAGLY100:20,Evans 12mm,2025-09-15,PVA Glycerol,100:20,<90,930,6,3.775104648,4.954,-0.42430349700000036,-10.103888032536078,-1.4940000000000007,-23.169975186104228,1168.42,171.59566581818183,6.809146340782445,51.39698138469154
176,91525:PVAGLY100:20,Evans 12mm,2025-09-15,PVA Glycerol,100:20,<90,930,6,3.766980896999999,4.992,-0.4410680055000018,-10.481532313894057,-1.5010000000000003,-23.11720314184507,1129.57,171.22640440909086,6.59693815272353,50.918548847398384
177,91525:PVAGLY100:20,Evans 12mm,2025-09-15,PVA Glycerol,100:20,<90,930,6,3.891429324,5.012,-0.4116679109999999,-9.56678151847526,-1.5060000000000002,-23.105247008284753,1214.88,176.8831510909091,6.868262988913017,52.29782833655041
178,91525:PVAGLY100:20,Evans 12mm,2025-09-15,PVA Glycerol,100:20,<90,930,6,3.7821601349999994,4.894,-0.43452952500000075,-10.304991830961558,-1.5099999999999998,-23.579013116801995,1083.76,171.91636977272725,6.303995375383544,52.07520232105156
179,91525:PVAGLY100:20,Evans 12mm,2025-09-15,PVA Glycerol,100:20,<90,930,6,3.8665506424999996,4.935,-0.453828107500001,-10.504359311090514,-1.5140000000000002,-23.476507985734226,1141.35,175.75230193181815,6.494082794106324,52.728466616022665
180,91525:PVAGLY100:20,Evans 12mm,2025-09-15,PVA Glycerol,100:20,<90,930,6,3.829169808,4.927,-0.45318960900000027,-10.582708382695293,-1.5050000000000008,-23.398631840796032,1187.29,174.0531730909091,6.821421172137268,52.34437472576003
181,91525:PVAGLY100:20,Evans 12mm,2025-09-15,PVA Glycerol,100:20,<90,930,6,3.820852728,4.922,-0.43558441650000024,-10.233545139104079,-1.5040000000000004,-23.40491752256459,1106.94,173.675124,6.373624353940292,52.28910683722739
182,91525:PVAGLY100:20,Evans 12mm,2025-09-15,PVA Glycerol,100:20,<90,930,6,3.835362056,4.85,-0.43835660349999994,-10.257029964421783,-1.4450000000000003,-22.954725972994446,1173.68,174.33463890909093,6.732339639123759,53.16488326085958
183,91525:PVAGLY100:30,Evans 12mm,2025-09-15,PVA Glycerol,100:30,<90,930,6,3.852494233,4.557,-0.4108555175000008,-9.636917952880037,-1.8389999999999995,-28.752345215759846,517.678,175.11337422727271,2.956244788751122,56.189998590511124
184,91525:PVAGLY100:30,Evans 12mm,2025-09-15,PVA Glycerol,100:30,<90,930,6,3.8746199625,4.592,-0.4492150905000005,-10.389274451816153,-1.8570000000000002,-28.795162040626458,531.24,176.11908920454547,3.0163680859319886,56.10561146122366
185,91525:PVAGLY100:30,Evans 12mm,2025-09-15,PVA Glycerol,100:30,<90,930,6,3.8643916199999997,4.575,-0.45080267549999986,-10.446868544716722,-1.891,-29.245283018867923,498.76,175.65416454545453,2.839443068660831,56.15236210339249
186,91525:PVAGLY100:30,Evans 12mm,2025-09-15,PVA Glycerol,100:30,<90,930,6,3.7859302800000005,4.526,-0.5603707424999991,-12.89304950575358,-1.875,-29.29229807842525,556.19,172.08774000000003,3.232014087697357,55.723001420504346
187,91525:PVAGLY100:30,Evans 12mm,2025-09-15,PVA Glycerol,100:30,<90,930,6,3.8558292300000003,4.502,-0.5405881859999999,-12.296106917250913,-1.9350000000000005,-30.06058723007613,472.83,175.26496500000002,2.6978010123129854,56.75619152336249
188,91525:PVAGLY100:30,Evans 12mm,2025-09-15,PVA Glycerol,100:30,<90,930,6,3.9142211999999996,4.519,-0.4977495795000011,-11.281796829044502,-1.968,-30.337598273470018,523.47,177.91914545454543,2.9421791492008684,57.24044150331351
189,91525:PVAGLY100:40,Evans 12mm,2025-09-15,PVA Glycerol,100:40,<90,930,6,3.9553153200000004,4.31,-0.3875293995,-8.923399857239588,-2.0780000000000003,-32.529743268628685,541.92,179.78706000000003,3.014232503718565,59.64174365000321
190,91525:PVAGLY100:40,Evans 12mm,2025-09-15,PVA Glycerol,100:40,<90,930,6,4.020734098,4.298,-0.4672753474999993,-10.411639128088805,-2.221,-34.06964258321828,506.15,182.76064081818183,2.769469387577492,60.40892501089109
191,91525:PVAGLY100:40,Evans 12mm,2025-09-15,PVA Glycerol,100:40,<90,930,6,4.068543600000001,4.206,-0.4730385419999994,-10.415721376596856,-2.3039999999999994,-35.39170506912442,487.68,184.93380000000005,2.6370517450028057,61.71166070881537
192,91525:PVAGLY100:40,Evans 12mm,2025-09-15,PVA Glycerol,100:40,<90,930,6,3.9983623679999996,4.186,-0.5138411985000007,-11.387810654530686,-2.245,-34.909034364795524,614.75,181.743744,3.3825098265830817,61.22486589063529
193,91525:PVAGLY100:40,Evans 12mm,2025-09-15,PVA Glycerol,100:40,<90,930,6,3.855034696,4.261,-0.624333992,-13.937990718927844,-2.2299999999999995,-34.355261130796485,765.9,175.22884981818183,4.370855602800001,59.06267329355968
194,91525:PVAGLY100:40,Evans 12mm,2025-09-15,PVA Glycerol,100:40,<90,930,6,4.015702500000001,4.234,-0.3824430674999988,-8.695552742184194,-2.186,-34.04984423676012,485.14,182.53193181818185,2.657836331252128,60.94959354812395
195,5225:PEG20024100:20,Evans 12mm,2025-05-02,PVA PEG200,100:20,<90,930,6,3.41639529,4.84,-0.5779341260000002,-14.468864878419435,-1.5419999999999998,-24.161704794735194,946.261,155.290695,6.093481647435476,47.529707764215054
196,5225:PEG20024100:20,Evans 12mm,2025-05-02,PVA PEG200,100:20,<90,930,6,3.453702945,4.881,-0.5643618749999995,-14.045614002812417,-1.5409999999999995,-23.995639987542813,865.935,156.98649749999998,5.515983946326339,47.65682496246712
197,5225:PEG20024100:20,Evans 12mm,2025-05-02,PVA PEG200,100:20,<90,930,6,3.416105518,4.868,-0.5307530899999997,-13.447481724432722,-1.5869999999999997,-24.585592563903948,982.45,155.27752354545456,6.327058659667549,47.22168406500133
198,5225:PEG20024100:20,Evans 12mm,2025-05-02,PVA PEG200,100:20,<90,930,6,3.4276525920000003,4.905,-0.566676824,-14.187032790287018,-1.6059999999999999,-24.665949930886192,977.041,155.80239054545456,6.271027014280332,46.99968512250361
199,5225:PEG20024100:20,Evans 12mm,2025-05-02,PVA PEG200,100:20,<90,930,6,3.416495071,4.868,-0.5778343450000003,-14.466366812045637,-1.5829999999999993,-24.53883118896294,1405.16,155.2952305,9.048313946769923,47.227701913960615
200,5225:PEG20024100:20,Evans 12mm,2025-05-02,PVA PEG200,100:20,<90,930,6,3.4123729710000004,4.864,-0.5514394969999996,-13.911846270523402,-1.5590000000000002,-24.272146971820025,1078.22,155.10786231818182,6.951420668722675,47.20736869060492
201,5225:PEG20024100:20,Evans 12mm,2025-05-02,PVA PEG200,100:20,<90,930,6,3.3604071749999993,4.903,-0.5796698890000003,-14.71214597035101,-1.6230000000000002,-24.869751762182048,1417.77,152.74578068181816,9.281893049165985,45.96113413173134
202,5225:PEG20024100:20,Evans 12mm,2025-05-02,PVA PEG200,100:20,<90,930,6,3.41759421,4.851,-0.5818213640000001,-14.547659607628463,-1.657,-25.460971112476955,1433.94,155.34519136363636,9.230668728222126,47.42890594180089
203,5225:PEG20024100:20,Evans 12mm,2025-05-02,PVA PEG200,100:20,<90,930,6,3.4192791000000002,4.868,-0.5377518239999994,-13.58978067971246,-1.6429999999999998,-25.234219013976343,1434.15,155.4217772727273,9.227471369622911,47.27066992095021
204,5225:PEG20024100:20,Evans 12mm,2025-05-02,PVA PEG200,100:20,<90,930,6,3.3998983199999997,4.908,-0.5774772360000004,-14.519052271261065,-1.6479999999999997,-25.137278828553995,1465.27,154.54083272727271,9.481442374429598,46.534348774942835
205,5225:PEG20024100:20,Evans 12mm,2025-05-02,PVA PEG200,100:20,<90,930,6,3.324405546,4.83,-0.578373026,-14.819519358578665,-1.6269999999999998,-25.197460120799132,1401.05,151.109343,9.271762898208088,46.18920994638213
206,5225:PEG20024100:20,Evans 12mm,2025-05-02,PVA PEG200,100:20,<90,930,6,3.2727584175,4.748,-0.5384693105,-14.128500024913757,-1.5489999999999995,-24.599015404160703,1590.54,148.76174625,10.691861584678058,46.26800105026333
207,5225:PEG20012100:20,Evans 12mm,2025-05-02,PVA PEG200,100:20,<90,930,6,3.338469350999999,4.968,-0.5099361690000013,-13.250583036270076,-1.5469999999999997,-23.74520337682271,7694.09,151.74860686363633,50.70287074802624,44.88492160490107
208,5225:PEG20012100:20,Evans 12mm,2025-05-02,PVA PEG200,100:20,<90,930,6,3.2833058789999994,4.945,-0.517609401000001,-13.618019947027099,-1.5669999999999993,-24.063267813267807,7718.07,149.2411763181818,51.71541923219028,44.218371696782086
209,5225:PEG20012100:20,Evans 12mm,2025-05-02,PVA PEG200,100:20,<90,930,6,3.2691555150000005,4.926,-0.5385440849999998,-14.143554943252346,-1.5729999999999995,-24.20372364979227,7505.84,148.59797795454546,50.511050710905074,44.19217941534837
210,5225:PEG20012100:20,Evans 12mm,2025-05-02,PVA PEG200,100:20,<90,930,6,3.2486668,4.891,-0.5098464800000002,-13.56511051093054,-1.5590000000000002,-24.17054263565892,1073.83,147.66667272727275,7.2719861575216,44.23923433817586
211,5225:PEG20012100:20,Evans 12mm,2025-05-02,PVA PEG200,100:20,<90,930,6,3.2317398749999997,4.88,-0.49454788500000024,-13.271865106842961,-1.596,-24.64484249536751,1042.62,146.89726704545453,7.09761332508236,44.07323988576255
212,5225:PEG20012100:20,Evans 12mm,2025-05-02,PVA PEG200,100:20,<90,930,6,3.25946385,4.922,-0.49565727000000015,-13.19950153831523,-1.5040000000000004,-23.40491752256459,1241.38,148.1574477272727,8.37878904532106,44.071692558794204
213,5225:PEG20012100:20,Evans 12mm,2025-05-02,PVA PEG200,100:20,<90,930,6,3.26523811,4.98,-0.5002126699999998,-13.28427057543426,-1.4969999999999999,-23.112552107457155,9915.43,148.41991409090906,66.80660112716866,43.512712325765285
214,5225:PEG20012100:20,Evans 12mm,2025-05-02,PVA PEG200,100:20,<90,930,6,3.24640536,4.937,-0.4953313800000001,-13.238007225489628,-1.5350000000000001,-23.717552533992585,9907.94,147.56387999999998,67.14339579577334,43.67559451914783
215,5225:PEG20012100:20,Evans 12mm,2025-05-02,PVA PEG200,100:20,<90,930,6,3.275918136,4.966,-0.48834694199999973,-12.973234665489192,-1.537,-23.63524527141319,9913.55,148.9053698181818,66.57617527228709,43.85515196344152
216,5225:PEG20012100:20,Evans 12mm,2025-05-02,PVA PEG200,100:20,<90,930,6,3.2250304899999995,4.886,-0.4896044900000005,-13.180419950710757,-1.513,-23.64431942491014,9954.78,146.59229499999998,67.90793472467296,43.88798384260764
217,5225:PEG20012100:20,Evans 12mm,2025-05-02,PVA PEG200,100:20,<90,930,6,3.2836963679999998,4.98,-0.5054684520000006,-13.339838091286843,-1.5269999999999992,-23.46703550023051,9074.23,149.2589258181818,60.795225144884654,43.83023770349876
218,5225:PEG20012100:20,Evans 12mm,2025-05-02,PVA PEG200,100:20,<90,930,6,3.2772928439999998,4.974,-0.4932395160000005,-13.081429063772854,-1.5,-23.169601482854493,9926.8,148.96785654545454,66.63719429279051,43.78829387813406
219,5225:PEG20010501,Evans 12mm,2025-05-25,PVA PEG200,100:20,<90,930,6,3.6434321625000003,5.081,-0.4124054694999999,-10.168194758246177,-1.3619999999999992,-21.139220859847885,5131.02,165.61055284090912,30.982445937059488,48.34947467333689
220,5225:PEG20010501,Evans 12mm,2025-05-25,PVA PEG200,100:20,<90,930,6,3.597783125,5.031,-0.3951864750000005,-9.897056942281765,-1.3210000000000006,-20.79659949622167,5198.44,163.53559659090908,31.787819339443924,48.20884782116117
221,5225:PEG20010501,Evans 12mm,2025-05-25,PVA PEG200,100:20,<90,930,6,3.62473875,5.055,-0.40561184199999945,-10.063934457838835,-1.3490000000000002,-21.064959400374768,5027.31,164.76085227272728,30.512770058255924,48.348767970595894
222,5225:PEG20010501,Evans 12mm,2025-05-25,PVA PEG200,100:20,<90,930,6,3.6244312124999998,5.011,-0.3311573955000009,-8.371886672700239,-1.3019999999999996,-20.62410898146681,5256.89,164.74687329545455,31.90889086296875,48.79400884957681
223,5225:PEG20010501,Evans 12mm,2025-05-25,PVA PEG200,100:20,<90,930,6,3.623813925,4.996,-0.44221852299999975,-10.87592213430363,-1.3689999999999998,-21.5082482325216,4972.15,164.71881477272726,30.185683443997473,48.93859318755251
224,5225:PEG20010501,Evans 12mm,2025-05-25,PVA PEG200,100:20,<90,930,6,3.596283787500001,4.996,-0.39838494849999906,-9.972915774210497,-1.3489999999999993,-21.260835303388482,5143.72,163.46744488636367,31.46632654334151,48.54770981083567
225,5225:PEG20010501,Evans 12mm,2025-05-25,PVA PEG200,100:20,<90,930,6,3.5875687500000004,4.989,-0.3663207219999993,-9.264819479506162,-1.3230000000000004,-20.960076045627382,5308.54,163.07130681818182,32.55348904463503,48.494986255586674
226,5225:PEG20010502,Evans 12mm,2025-05-25,PVA PEG200,100:20,<90,930,6,3.4851676124999993,4.92,-0.4347391395000004,-11.090547990157916,-1.3630000000000004,-21.693458538914538,5627.88,158.41670965909088,35.52579782846815,47.7149329723314
227,5225:PEG20010502,Evans 12mm,2025-05-25,PVA PEG200,100:20,<90,930,6,3.4186134,4.975,-0.4061417360000008,-10.618764379900966,-1.3780000000000001,-21.69053990240831,5754.19,155.39151818181818,37.030270810966805,46.101170942798255
228,5225:PEG20010502,Evans 12mm,2025-05-25,PVA PEG200,100:20,<90,930,6,3.2791905000000003,4.883,-0.3926423959999994,-10.693362337587146,-1.3230000000000004,-21.318079278117956,5531.65,149.05411363636364,37.111689607541855,44.84862899796403
229,5225:PEG20010241,Evans 12mm,2025-05-25,PVA PEG200,100:20,<90,930,6,3.7231927875,5.041,-0.37342410849999963,-9.115426655214373,-1.1949999999999994,-19.16292495189223,5644.92,169.23603579545454,33.35530741704844,49.85387156675574
230,5225:PEG20010241,Evans 12mm,2025-05-25,PVA PEG200,100:20,<90,930,6,3.6882928125000003,5.064,-0.38283704350000036,-9.403705041139329,-1.1920000000000002,-19.0537084398977,6752.21,167.64967329545456,40.275712247290556,49.14840955145681
231,5225:PEG20010241,Evans 12mm,2025-05-25,PVA PEG200,100:20,<90,930,6,3.6768121500000004,5.069,-0.38922029799999924,-9.57248381506274,-1.2309999999999999,-19.539682539682538,6893.18,167.127825,41.24495726549424,48.93926230614182
232,5225:PEG20010241,Evans 12mm,2025-05-25,PVA PEG200,100:20,<90,930,6,3.7147484124999997,5.05,-0.3716736675000005,-9.095332303509885,-1.2039999999999997,-19.251678925487685,6598.77,168.85220056818181,39.0801539914515,49.650146855796784
233,5225:PEG20010241,Evans 12mm,2025-05-25,PVA PEG200,100:20,<90,930,6,3.699791174999999,5.085,-0.3764360889999998,-9.234914164982138,-1.2169999999999996,-19.311329736591553,6824.73,168.1723261363636,40.581766077648965,49.09622613137528
234,5225:PEG20010241,Evans 12mm,2025-05-25,PVA PEG200,100:20,<90,930,6,3.6842638500000002,5.021,-0.3885651419999996,-9.540423689853748,-1.21,-19.419033862943348,6671.42,167.46653863636365,39.83733141153829,49.525069176855254
235,5225:PEG20010242,Cotton 5mm,2025-05-25,PVA PEG200,100:20,<90,930,6,1.5047312425,2.007,-0.17283186150000018,-10.302555003021823,-0.5029999999999997,-20.039840637450187,943.67,68.3968746590909,13.796975442277363,50.60025921317751
236,5225:PEG20010242,Cotton 5mm,2025-05-25,PVA PEG200,100:20,<90,930,6,1.503264958,2.031,-0.1776249940000001,-10.567318448697591,-0.4969999999999999,-19.659810126582276,1029.53,68.33022536363636,15.066977966501632,49.96076917651251
237,5225:PEG20010242,Cotton 5mm,2025-05-25,PVA PEG200,100:20,<90,930,6,1.4780447220000001,1.989,-0.18038900599999974,-10.87707051264214,-0.486,-19.636363636363637,917.84,67.183851,13.66161639052218,50.15937909714571
238,5225:PEG20015201,Evans 12mm,2025-05-25,PVA PEG200,100:20,<90,930,6,1.3672605644999998,1.93,-0.1747334835000003,-11.331657455269262,-0.4829999999999999,-20.01657687525901,627.56,62.14820747727272,10.097797273227798,47.719196079043
239,5225:PEG20015201,Evans 12mm,2025-05-25,PVA PEG200,100:20,<90,930,6,1.36559464,1.948,-0.1747359839999998,-11.344057001621998,-0.4660000000000002,-19.304059652029835,609.81,62.07248363636364,9.82415982534905,47.1672295461352
240,5225:PEG20015201,Evans 12mm,2025-05-25,PVA PEG200,100:20,<90,930,6,1.329685821,1.919,0.07047385299999998,5.596663214052296,-0.44899999999999984,-18.961148648648642,682.29,60.440264590909095,11.288666663160575,46.54821992414547
241,5225:PEG20015201,Evans 12mm,2025-05-25,PVA PEG200,100:20,<90,930,6,3.4581153749999998,4.889,-0.34476000900000026,-9.065771927487388,-1.2279999999999998,-20.075200261566124,5798.384,157.1870625,36.888430305770235,47.63793152098805
242,5225:PEG20015201,Evans 12mm,2025-05-25,PVA PEG200,100:20,<90,930,6,3.4461269699999995,4.84,-0.3365650859999998,-8.897501594562787,-1.2439999999999998,-20.447074293228138,5689.92,156.642135,36.32432614634626,47.98239855356831
243,5225:PEG20015201,Evans 12mm,2025-05-25,PVA PEG200,100:20,<90,930,6,3.471610646,4.902,-0.3312647380000002,-8.710901740134439,-1.2509999999999994,-20.331545587518278,5395.717,157.8004839090909,34.19328551050883,47.70278868549259
244,5225:PEG20015202,Cotton 5mm,2025-05-25,PVA PEG200,100:20,<90,930,6,3.478020732,4.92,-0.3366282599999999,-8.82461953133747,-1.266,-20.46556741028128,4876.652,158.09185145454546,30.846953559792638,47.60749395607047
245,5225:PEG20015202,Cotton 5mm,2025-05-25,PVA PEG200,100:20,<90,930,6,3.479610321,4.9,-0.32999283899999954,-8.662131595879913,-1.2589999999999995,-20.44163013476213,6251.393,158.1641055,39.52472642410006,47.844308776125885
246,5225:PEG20015202,Cotton 5mm,2025-05-25,PVA PEG200,100:20,<90,930,6,3.4446393630000003,4.941,-0.3464624129999998,-9.138831755805645,-1.2090000000000005,-19.65853658536586,5794.51,156.57451650000002,37.00800187366377,46.873974104324844
247,5225:PEG20020201,Evans 12mm,2025-05-25,PVA PEG200,100:20,<90,930,6,3.3056534159999997,4.718,-0.45793282399999935,-12.16745930073332,-1.713,-26.636603949619037,5176.34,150.25697345454543,34.449915241810096,47.13881984875915
248,5225:PEG20020201,Evans 12mm,2025-05-25,PVA PEG200,100:20,<90,930,6,3.2711502450000003,4.701,-0.4585907949999992,-12.29551301502689,-1.7920000000000007,-27.598952718312038,5542.77,148.68864750000003,37.27769465385715,46.773734597717606
249,5225:PEG20020201,Evans 12mm,2025-05-25,PVA PEG200,100:20,<90,930,6,3.194315299999999,4.672,-0.47619664000000084,-12.973575560688705,-1.7530000000000001,-27.284046692607006,5928.16,145.19614999999996,40.828630786697865,45.8296940702638
250,5225:PEG20020201,Evans 12mm,2025-05-25,PVA PEG200,100:20,<90,930,6,3.253285944999999,4.732,-0.4781473550000004,-12.814039982973846,-1.7889999999999997,-27.434442570157948,5289.45,147.87663386363633,35.769342740636354,46.12854135105566
251,5225:PEG20020201,Evans 12mm,2025-05-25,PVA PEG200,100:20,<90,930,6,3.284346875,4.737,-0.5029310049999989,-13.279485185280333,-1.8019999999999996,-27.557730539837895,5713.68,149.28849431818185,38.27274182176631,46.58163369408281
252,5225:PEG20020201,Evans 12mm,2025-05-25,PVA PEG200,100:20,<90,930,6,3.2051006299999996,4.716,-0.47048809000000036,-12.800346443548788,-1.721,-26.73605716948889,5668.23,145.68639227272726,38.90706545460321,45.503531142899966
253,5225:PEG20020201,Evans 12mm,2025-05-25,PVA PEG200,100:20,<90,930,6,3.1797385499999997,4.652,-0.47046626999999974,-12.888763595463113,-1.6680000000000001,-26.39240506329114,5427.89,144.53357045454544,37.55452787148177,45.81431976654298
254,5225:PEG20020201,Evans 12mm,2025-05-25,PVA PEG200,100:20,<90,930,6,3.2498387999999996,4.733,-0.4612873799999999,-12.429848989936525,-1.476,-23.77194395232727,5928.912,147.71994545454544,40.13616429221044,46.060002638808946
255,5225:PEG20020202,Cotton 5mm,2025-05-25,PVA PEG200,100:20,<90,930,6,1.29271688,1.882,-0.24472542399999964,-15.917698073175934,-0.6679999999999999,-26.19607843137255,1078.22,58.759858181818174,18.34960180917573,46.079683198920016
256,5225:PEG20020202,Cotton 5mm,2025-05-25,PVA PEG200,100:20,<90,930,6,1.2163801650000001,1.808,-0.23087226699999985,-15.952453206863906,-0.6540000000000001,-26.563769293257515,1417.77,55.29000750000001,25.642427340962104,44.948984791310735
